{"type":"FeatureCollection","features":[{"type":"Feature","properties":{"NAME":"United States of America","SOURCE":"StuffApp hand overlay: modern outlines composed by acquisition date","LABEL_AT":[40.0,-98.0]},"geometry":{"type":"MultiPolygon","coordinates":[[[[-94.002,29.681],[-94.731,29.369],[-94.785,29.375],[-94.673,29.477],[-94.494,29.525],[-94.548,29.572],[-94.77,29.548],[-94.695,29.694],[-94.756,29.782],[-94.867,29.679],[-94.943,29.698],[-95.018,29.558],[-94.91,29.497],[-94.892,29.308],[-95.158,29.189],[-95.165,29.113],[-94.824,29.345],[-94.731,29.332],[-95.384,28.866],[-96.342,28.418],[-97.003,27.908],[-97.297,27.427],[-97.372,27.153],[-97.347,26.796],[-97.197,26.306],[-97.157,26.083],[-97.283,26.542],[-97.369,26.556],[-97.304,26.579],[-97.401,26.892],[-97.362,27.352],[-97.082,27.913],[-96.92,28.094],[-96.439,28.343],[-96.421,28.405],[-96.683,28.315],[-96.705,28.4],[-96.769,28.411],[-96.802,28.224],[-96.935,28.124],[-97.039,28.186],[-97.154,28.133],[-97.215,28.076],[-97.053,28.106],[-97.024,28.042],[-97.186,27.831],[-97.494,27.884],[-97.254,27.697],[-97.412,27.321],[-97.509,27.275],[-97.516,27.362],[-97.642,27.271],[-97.423,27.264],[-97.48,26.807],[-97.444,26.609],[-97.279,26.271],[-97.301,26.148],[-97.154,26.062],[-97.146,25.953],[-97.276,25.952],[-97.372,25.84],[-97.444,25.85],[-97.649,26.022],[-98.198,26.056],[-98.464,26.223],[-98.654,26.236],[-98.797,26.36],[-99.081,26.396],[-99.268,26.843],[-99.447,27.023],[-99.44,27.25],[-99.537,27.313],[-99.487,27.413],[-99.512,27.565],[-99.878,27.799],[-99.932,27.981],[-100.294,28.284],[-100.337,28.502],[-100.499,28.662],[-100.675,29.1],[-100.797,29.247],[-101.012,29.369],[-101.059,29.459],[-101.256,29.521],[-101.252,29.625],[-101.292,29.572],[-101.414,29.757],[-102.049,29.785],[-102.301,29.878],[-102.387,29.767],[-102.67,29.742],[-102.81,29.522],[-102.889,29.209],[-102.99,29.183],[-103.115,28.985],[-103.28,28.982],[-103.79,29.258],[-104.038,29.32],[-104.508,29.639],[-104.68,29.924],[-104.713,30.238],[-104.86,30.39],[-104.924,30.605],[-105.398,30.856],[-105.954,31.365],[-106.206,31.466],[-106.45,31.765],[-108.209,31.783],[-108.209,31.333],[-111.076,31.332],[-114.813,32.494],[-114.809,32.617],[-114.72,32.719],[-117.124,32.534],[-117.167,32.672],[-117.246,32.669],[-117.329,33.122],[-117.505,33.334],[-118.09,33.73],[-118.413,33.742],[-118.391,33.841],[-118.542,34.038],[-118.804,34.002],[-119.131,34.1],[-119.278,34.267],[-119.558,34.413],[-120.473,34.448],[-120.645,34.581],[-120.599,34.704],[-120.61,34.858],[-120.671,34.904],[-120.635,35.123],[-120.857,35.207],[-120.907,35.449],[-121.252,35.657],[-121.503,36.001],[-121.877,36.289],[-121.973,36.574],[-121.816,36.683],[-121.787,36.804],[-121.862,36.932],[-122.106,36.956],[-122.404,37.195],[-122.401,37.36],[-122.515,37.521],[-122.515,37.781],[-122.408,37.811],[-122.361,37.592],[-122.045,37.457],[-122.171,37.676],[-122.332,37.784],[-122.325,37.906],[-122.429,37.963],[-122.264,38.044],[-122.3,38.105],[-122.49,38.112],[-122.447,37.988],[-122.505,37.929],[-122.436,37.881],[-122.501,37.894],[-122.476,37.833],[-122.53,37.819],[-122.882,38.025],[-123.011,38.004],[-122.968,38.25],[-123.739,38.954],[-123.693,39.057],[-123.826,39.361],[-123.768,39.56],[-123.851,39.832],[-124.109,40.103],[-124.364,40.261],[-124.411,40.438],[-124.138,40.926],[-124.159,41.143],[-124.062,41.439],[-124.163,41.74],[-124.256,41.783],[-124.213,41.998],[-124.342,42.093],[-124.411,42.25],[-124.414,42.658],[-124.554,42.84],[-124.457,43.0],[-124.403,43.306],[-124.256,43.502],[-124.149,43.911],[-124.077,44.772],[-123.962,45.28],[-123.994,45.947],[-123.933,46.071],[-124.001,46.237],[-123.854,46.157],[-123.549,46.259],[-123.725,46.302],[-123.876,46.24],[-124.019,46.316],[-124.08,46.267],[-124.07,46.635],[-124.016,46.379],[-123.955,46.379],[-123.987,46.497],[-123.944,46.466],[-123.894,46.537],[-123.962,46.637],[-123.833,46.718],[-124.095,46.747],[-124.138,46.905],[-124.088,46.868],[-123.861,46.948],[-124.123,47.042],[-124.123,46.944],[-124.181,46.926],[-124.184,47.136],[-124.321,47.356],[-124.425,47.739],[-124.669,47.983],[-124.734,48.163],[-124.658,48.331],[-124.716,48.39],[-123.98,48.165],[-123.248,48.116],[-123.133,48.177],[-123.039,48.081],[-122.917,48.092],[-122.874,47.996],[-122.828,48.047],[-122.878,48.111],[-122.76,48.143],[-122.803,48.088],[-122.767,48.045],[-122.699,48.103],[-122.67,48.017],[-122.724,48.008],[-122.609,47.887],[-122.695,47.868],[-122.831,47.696],[-122.813,47.807],[-123.154,47.356],[-123.029,47.351],[-122.91,47.389],[-123.118,47.392],[-122.968,47.586],[-122.752,47.673],[-122.573,47.857],[-122.605,47.941],[-122.526,47.906],[-122.476,47.746],[-122.555,47.746],[-122.494,47.635],[-122.548,47.285],[-122.602,47.217],[-122.699,47.284],[-122.67,47.367],[-122.727,47.331],[-122.749,47.277],[-122.641,47.205],[-122.713,47.128],[-122.842,47.258],[-122.799,47.289],[-122.821,47.363],[-122.864,47.271],[-122.86,47.167],[-122.677,47.104],[-122.591,47.178],[-122.533,47.317],[-122.444,47.267],[-122.325,47.349],[-122.422,47.576],[-122.343,47.609],[-122.429,47.659],[-122.307,47.949],[-122.228,47.971],[-122.397,48.229],[-122.48,48.188],[-122.375,48.057],[-122.512,48.134],[-122.53,48.25],[-122.408,48.252],[-122.408,48.326],[-122.551,48.44],[-122.655,48.411],[-122.666,48.478],[-122.713,48.464],[-122.616,48.521],[-122.469,48.472],[-122.505,48.565],[-122.426,48.6],[-122.537,48.776],[-122.637,48.736],[-122.605,48.698],[-122.673,48.733],[-122.645,48.782],[-122.713,48.791],[-122.817,48.956],[-122.76,49.002],[-95.154,48.999],[-95.154,49.385],[-94.957,49.37],[-94.824,49.294],[-94.641,48.741],[-93.833,48.625],[-93.794,48.516],[-93.464,48.546],[-93.349,48.627],[-92.986,48.624],[-92.635,48.543],[-92.714,48.463],[-92.509,48.447],[-92.369,48.221],[-92.279,48.244],[-92.261,48.355],[-92.057,48.359],[-91.945,48.23],[-91.558,48.108],[-91.569,48.044],[-91.249,48.084],[-90.887,48.246],[-90.761,48.099],[-90.133,48.112],[-89.874,47.985],[-89.49,48.014],[-90.869,47.557],[-91.479,47.125],[-92.093,46.789],[-91.942,46.68],[-90.872,46.961],[-90.75,46.888],[-90.951,46.597],[-90.736,46.692],[-90.416,46.566],[-90.029,46.674],[-89.792,46.819],[-89.437,46.839],[-88.959,47.009],[-88.388,47.385],[-87.979,47.479],[-87.8,47.473],[-87.714,47.401],[-87.958,47.387],[-87.94,47.347],[-88.231,47.199],[-88.442,46.972],[-88.496,46.757],[-88.144,46.966],[-88.284,46.832],[-88.083,46.92],[-87.818,46.891],[-87.595,46.783],[-87.351,46.501],[-87.017,46.533],[-86.885,46.442],[-86.698,46.439],[-86.709,46.544],[-86.651,46.561],[-86.587,46.463],[-86.138,46.673],[-85.481,46.68],[-85.172,46.764],[-84.95,46.77],[-85.029,46.698],[-85.025,46.483],[-84.63,46.485],[-84.595,46.415],[-84.128,46.53],[-84.117,46.234],[-84.25,46.176],[-84.124,46.18],[-83.873,45.993],[-83.765,46.018],[-83.823,46.104],[-83.582,46.089],[-83.475,45.985],[-83.511,45.93],[-84.114,45.979],[-84.376,45.932],[-84.656,46.052],[-84.745,45.836],[-85.015,46.011],[-85.513,46.094],[-85.696,45.96],[-86.278,45.942],[-86.364,45.79],[-86.587,45.705],[-86.615,45.607],[-86.719,45.668],[-86.54,45.89],[-86.784,45.855],[-86.838,45.723],[-86.964,45.673],[-87.017,45.838],[-87.06,45.709],[-87.172,45.662],[-87.613,45.124],[-87.631,44.977],[-87.839,44.931],[-88.044,44.566],[-87.972,44.53],[-87.775,44.639],[-87.61,44.839],[-87.383,44.865],[-87.24,45.168],[-86.978,45.29],[-87.05,45.089],[-87.47,44.552],[-87.545,44.321],[-87.52,44.18],[-87.645,44.105],[-87.735,43.881],[-87.706,43.68],[-87.911,43.236],[-87.897,43.016],[-87.768,42.785],[-87.836,42.302],[-87.61,41.846],[-87.423,41.643],[-87.121,41.645],[-86.619,41.894],[-86.296,42.358],[-86.206,42.719],[-86.231,43.016],[-86.54,43.618],[-86.436,43.79],[-86.515,44.048],[-86.267,44.345],[-86.256,44.692],[-86.088,44.741],[-86.037,44.916],[-85.808,44.95],[-85.542,45.211],[-85.653,44.849],[-85.6,44.766],[-85.474,44.991],[-85.578,44.76],[-85.528,44.748],[-85.395,44.931],[-85.37,45.271],[-85.208,45.357],[-84.918,45.393],[-85.09,45.477],[-85.119,45.575],[-84.943,45.71],[-85.015,45.76],[-84.774,45.79],[-84.462,45.652],[-84.214,45.635],[-84.056,45.49],[-83.496,45.357],[-83.381,45.269],[-83.27,45.023],[-83.453,45.035],[-83.439,44.941],[-83.32,44.881],[-83.274,44.714],[-83.331,44.34],[-83.539,44.248],[-83.582,44.057],[-83.877,43.959],[-83.956,43.751],[-83.909,43.673],[-83.647,43.604],[-83.471,43.729],[-83.432,43.885],[-83.417,43.842],[-83.331,43.894],[-83.407,43.92],[-82.915,44.071],[-82.739,43.99],[-82.642,43.852],[-82.524,43.225],[-82.416,42.967],[-82.524,42.608],[-82.685,42.518],[-82.714,42.598],[-82.624,42.665],[-82.796,42.654],[-82.782,42.565],[-82.875,42.523],[-82.897,42.385],[-83.066,42.318],[-83.134,42.088],[-83.442,41.809],[-83.453,41.733],[-82.933,41.514],[-82.836,41.588],[-82.48,41.382],[-82.01,41.516],[-81.737,41.488],[-81.285,41.761],[-80.348,42.03],[-79.15,42.553],[-79.049,42.689],[-78.852,42.784],[-78.931,42.955],[-79.013,42.986],[-79.01,43.065],[-79.074,43.077],[-79.071,43.262],[-78.371,43.376],[-77.796,43.339],[-77.534,43.235],[-76.953,43.271],[-76.698,43.345],[-76.418,43.522],[-76.235,43.529],[-76.196,43.65],[-76.228,43.804],[-76.3,43.839],[-76.127,43.898],[-76.375,44.032],[-76.314,44.199],[-75.912,44.368],[-75.309,44.837],[-74.972,44.984],[-71.501,45.014],[-71.397,45.204],[-71.443,45.235],[-71.285,45.302],[-71.131,45.246],[-71.009,45.347],[-70.858,45.229],[-70.783,45.431],[-70.636,45.383],[-70.722,45.515],[-70.643,45.607],[-70.385,45.735],[-70.417,45.796],[-70.259,45.891],[-70.316,46.02],[-70.237,46.148],[-70.291,46.186],[-70.209,46.332],[-70.058,46.417],[-69.997,46.695],[-69.225,47.46],[-69.042,47.428],[-69.049,47.257],[-68.902,47.179],[-68.235,47.355],[-67.789,47.068],[-67.75,45.918],[-67.804,45.884],[-67.754,45.824],[-67.807,45.795],[-67.804,45.678],[-67.449,45.603],[-67.416,45.502],[-67.502,45.49],[-67.42,45.377],[-67.488,45.279],[-67.341,45.125],[-67.291,45.189],[-67.158,45.161],[-66.985,44.912],[-66.982,44.811],[-67.262,44.605],[-67.316,44.598],[-67.309,44.707],[-67.405,44.681],[-67.362,44.632],[-67.574,44.561],[-67.51,44.497],[-67.588,44.448],[-67.657,44.536],[-67.743,44.497],[-67.768,44.548],[-67.854,44.419],[-68.005,44.41],[-68.048,44.331],[-68.181,44.385],[-68.231,44.267],[-68.191,44.239],[-68.4,44.253],[-68.457,44.345],[-68.357,44.393],[-68.464,44.437],[-68.479,44.378],[-68.479,44.433],[-68.565,44.385],[-68.518,44.26],[-68.611,44.156],[-68.601,44.012],[-68.658,44.004],[-68.658,44.127],[-68.719,44.166],[-68.68,44.265],[-68.827,44.312],[-68.78,44.49],[-68.999,44.425],[-68.949,44.356],[-69.1,44.105],[-69.031,44.079],[-69.078,43.973],[-69.175,43.977],[-69.322,43.857],[-69.297,43.933],[-69.43,43.957],[-69.502,43.838],[-69.545,43.882],[-69.853,43.705],[-69.929,43.78],[-70.169,43.675],[-70.227,43.538],[-70.385,43.497],[-70.417,43.361],[-70.553,43.322],[-70.819,42.872],[-70.779,42.693],[-70.596,42.66],[-70.654,42.583],[-70.873,42.547],[-70.83,42.504],[-70.991,42.407],[-70.952,42.344],[-70.998,42.352],[-71.006,42.283],[-70.883,42.309],[-70.722,42.208],[-70.639,42.089],[-70.7,41.987],[-70.553,41.93],[-70.542,41.816],[-70.413,41.744],[-70.259,41.714],[-70.026,41.787],[-70.008,41.877],[-70.029,41.929],[-70.076,41.902],[-70.094,42.033],[-70.237,42.073],[-70.033,42.017],[-69.936,41.809],[-69.99,41.543],[-69.997,41.667],[-70.352,41.635],[-70.492,41.552],[-70.948,41.409],[-70.657,41.543],[-70.625,41.713],[-70.718,41.736],[-70.758,41.654],[-70.912,41.62],[-70.952,41.515],[-71.192,41.458],[-71.242,41.62],[-71.235,41.483],[-71.339,41.449],[-71.257,41.636],[-71.196,41.675],[-71.224,41.711],[-71.285,41.637],[-71.39,41.784],[-71.372,41.673],[-71.451,41.688],[-71.404,41.59],[-71.483,41.371],[-72.549,41.25],[-72.897,41.243],[-72.908,41.295],[-73.13,41.147],[-73.604,41.015],[-73.812,40.846],[-73.78,40.795],[-73.486,40.946],[-73.231,40.905],[-73.141,40.966],[-72.635,40.982],[-72.28,41.158],[-72.237,41.157],[-72.334,41.107],[-72.104,40.992],[-71.856,41.071],[-73.209,40.631],[-73.942,40.543],[-74.013,40.574],[-74.046,40.69],[-74.085,40.57],[-74.261,40.502],[-74.193,40.441],[-73.985,40.449],[-74.096,39.762],[-74.336,39.432],[-74.638,39.221],[-74.864,38.94],[-74.972,38.94],[-74.886,39.158],[-75.047,39.215],[-75.137,39.182],[-75.535,39.461],[-75.532,39.692],[-75.611,39.622],[-75.589,39.461],[-75.402,39.255],[-75.402,39.067],[-75.313,38.925],[-75.191,38.807],[-75.097,38.803],[-75.054,38.414],[-75.241,38.027],[-75.352,37.875],[-75.521,37.797],[-75.657,37.451],[-75.941,37.09],[-76.02,37.317],[-75.819,37.792],[-75.69,37.862],[-75.758,37.904],[-75.668,37.951],[-75.894,37.917],[-75.826,38.134],[-75.959,38.137],[-75.847,38.21],[-75.916,38.263],[-75.862,38.36],[-75.969,38.246],[-76.002,38.374],[-76.059,38.227],[-76.257,38.325],[-76.336,38.492],[-76.246,38.537],[-76.307,38.575],[-76.278,38.61],[-76.027,38.566],[-76.257,38.737],[-76.346,38.686],[-76.271,38.852],[-76.192,38.822],[-76.203,38.928],[-76.375,38.85],[-76.303,39.026],[-76.163,39.0],[-76.145,39.093],[-76.242,39.029],[-76.278,39.146],[-76.185,39.319],[-76.002,39.367],[-76.041,39.388],[-75.969,39.558],[-76.095,39.537],[-76.059,39.448],[-76.224,39.353],[-76.253,39.45],[-76.282,39.299],[-76.357,39.394],[-76.336,39.305],[-76.386,39.276],[-76.343,39.257],[-76.443,39.195],[-76.576,39.264],[-76.429,39.132],[-76.393,39.012],[-76.476,38.973],[-76.558,38.768],[-76.519,38.539],[-76.386,38.361],[-76.468,38.329],[-76.375,38.299],[-76.321,38.037],[-76.44,38.161],[-76.476,38.104],[-76.59,38.214],[-76.799,38.237],[-76.827,38.347],[-76.87,38.332],[-76.842,38.255],[-76.921,38.292],[-77.018,38.445],[-77.251,38.383],[-77.237,38.552],[-77.111,38.627],[-77.247,38.635],[-77.326,38.449],[-77.265,38.333],[-77.043,38.401],[-76.964,38.214],[-76.616,38.148],[-76.515,38.026],[-76.235,37.889],[-76.307,37.812],[-76.339,37.656],[-76.293,37.636],[-76.361,37.61],[-76.511,37.642],[-76.583,37.768],[-76.906,37.973],[-76.544,37.616],[-76.3,37.561],[-76.354,37.505],[-76.264,37.482],[-76.275,37.31],[-76.415,37.403],[-76.447,37.366],[-76.35,37.274],[-76.494,37.25],[-76.293,37.127],[-76.303,37.001],[-76.429,36.97],[-76.619,37.119],[-76.651,37.221],[-76.949,37.231],[-76.748,37.151],[-76.687,37.199],[-76.655,37.039],[-76.486,36.952],[-76.483,36.897],[-76.318,36.885],[-76.328,36.959],[-76.267,36.964],[-75.995,36.922],[-75.797,36.29],[-75.532,35.787],[-75.725,36.003],[-75.851,36.415],[-75.995,36.528],[-76.02,36.458],[-75.923,36.426],[-75.801,36.073],[-75.923,36.245],[-75.966,36.255],[-75.905,36.165],[-76.185,36.298],[-76.059,36.155],[-76.178,36.123],[-76.253,36.184],[-76.217,36.095],[-76.458,36.184],[-76.3,36.101],[-76.576,36.007],[-76.677,36.043],[-76.695,36.278],[-76.752,36.147],[-76.673,35.935],[-76.063,35.993],[-76.013,35.958],[-76.045,35.666],[-75.948,35.96],[-75.808,35.959],[-75.725,35.823],[-75.729,35.626],[-75.894,35.573],[-76.142,35.329],[-76.486,35.372],[-76.587,35.509],[-76.458,35.55],[-76.634,35.51],[-76.58,35.387],[-77.025,35.515],[-76.967,35.438],[-76.501,35.322],[-76.468,35.261],[-76.569,35.097],[-76.802,34.965],[-76.982,35.061],[-76.978,35.005],[-76.763,34.921],[-76.49,35.017],[-76.476,35.07],[-76.397,34.975],[-76.332,34.971],[-76.364,35.035],[-76.293,35.01],[-76.285,34.937],[-76.526,34.682],[-76.619,34.784],[-76.616,34.714],[-76.673,34.708],[-76.522,34.653],[-76.44,34.758],[-76.066,35.077],[-76.038,35.059],[-76.537,34.588],[-76.677,34.693],[-77.032,34.661],[-77.556,34.417],[-77.829,34.163],[-77.962,33.853],[-78.385,33.902],[-78.812,33.744],[-79.085,33.483],[-79.171,33.207],[-79.361,33.007],[-79.58,33.007],[-79.577,32.906],[-79.727,32.806],[-79.925,32.782],[-79.885,32.685],[-80.0,32.606],[-80.334,32.478],[-80.47,32.497],[-80.456,32.326],[-80.639,32.256],[-80.754,32.307],[-80.668,32.216],[-80.905,32.052],[-80.844,32.024],[-80.862,31.969],[-80.948,31.957],[-80.991,31.857],[-81.066,31.877],[-81.07,31.769],[-81.203,31.72],[-81.131,31.696],[-81.134,31.624],[-81.26,31.548],[-81.178,31.517],[-81.292,31.206],[-81.493,30.978],[-81.407,30.978],[-81.447,30.503],[-81.163,29.555],[-80.524,28.46],[-80.603,28.364],[-80.567,28.095],[-80.033,26.797],[-80.129,25.773],[-80.155,25.665],[-80.183,25.746],[-80.298,25.622],[-80.305,25.384],[-80.366,25.285],[-80.176,25.486],[-80.359,25.153],[-80.571,24.954],[-80.668,24.907],[-80.496,25.047],[-80.463,25.209],[-80.998,25.124],[-81.142,25.163],[-81.127,25.381],[-81.289,25.688],[-81.623,25.897],[-81.691,25.852],[-81.87,26.379],[-82.057,26.548],[-82.107,26.484],[-82.183,26.681],[-82.093,26.666],[-82.075,26.958],[-82.175,26.917],[-82.147,26.79],[-82.269,26.72],[-82.692,27.437],[-82.742,27.54],[-82.649,27.523],[-82.394,27.837],[-82.491,27.919],[-82.473,27.822],[-82.552,27.848],[-82.552,27.967],[-82.689,28.028],[-82.725,27.948],[-82.628,27.911],[-82.588,27.816],[-82.732,27.613],[-82.85,27.864],[-82.861,28.217],[-82.782,28.056],[-82.796,28.187],[-82.653,28.591],[-82.732,28.851],[-82.689,28.906],[-82.818,29.077],[-82.804,29.147],[-82.997,29.178],[-83.055,29.131],[-83.076,29.255],[-83.399,29.517],[-83.414,29.67],[-83.539,29.723],[-83.686,29.924],[-84.024,30.103],[-84.268,30.098],[-84.365,30.009],[-84.343,29.899],[-84.537,29.91],[-84.882,29.734],[-84.914,29.784],[-84.993,29.715],[-85.122,29.716],[-85.011,29.622],[-84.691,29.763],[-85.047,29.587],[-85.223,29.678],[-85.352,29.66],[-85.417,29.843],[-85.388,29.879],[-85.341,29.692],[-85.302,29.808],[-85.427,29.95],[-85.923,30.238],[-86.299,30.363],[-86.752,30.392],[-87.8,30.229],[-88.001,30.226],[-87.757,30.291],[-87.907,30.41],[-87.911,30.616],[-88.008,30.685],[-88.137,30.32],[-88.259,30.382],[-88.471,30.32],[-88.895,30.393],[-89.293,30.303],[-89.314,30.375],[-89.447,30.186],[-89.616,30.156],[-89.716,30.028],[-89.856,30.004],[-89.659,29.863],[-89.483,30.079],[-89.372,30.055],[-89.433,29.979],[-89.368,29.912],[-89.275,29.994],[-89.218,29.973],[-89.322,29.887],[-89.253,29.864],[-89.365,29.845],[-89.279,29.808],[-89.304,29.757],[-89.386,29.789],[-89.433,29.656],[-89.526,29.727],[-89.487,29.62],[-89.666,29.643],[-89.602,29.583],[-89.684,29.625],[-89.641,29.576],[-89.681,29.534],[-89.569,29.494],[-89.508,29.386],[-89.311,29.388],[-89.239,29.31],[-89.2,29.348],[-89.113,29.202],[-89.002,29.18],[-89.088,29.167],[-89.038,29.136],[-89.106,29.112],[-89.142,28.991],[-89.253,29.083],[-89.419,28.93],[-89.282,29.181],[-89.39,29.124],[-89.641,29.29],[-89.842,29.319],[-90.223,29.085],[-90.305,29.266],[-90.377,29.289],[-90.402,29.234],[-90.431,29.347],[-90.477,29.292],[-90.578,29.312],[-90.564,29.235],[-90.811,29.042],[-90.869,29.056],[-90.962,29.18],[-91.335,29.299],[-91.267,29.361],[-91.12,29.252],[-91.217,29.432],[-91.335,29.392],[-91.357,29.513],[-91.461,29.47],[-91.554,29.633],[-91.648,29.634],[-91.622,29.735],[-91.856,29.708],[-91.831,29.829],[-92.2,29.753],[-92.103,29.693],[-92.107,29.613],[-92.017,29.616],[-92.322,29.532],[-93.177,29.771],[-94.002,29.681]]],[[[-118.427,32.807],[-118.607,33.031],[-118.352,32.822],[-118.427,32.807]]],[[[-119.579,33.279],[-119.457,33.255],[-119.429,33.228],[-119.547,33.234],[-119.579,33.279]]],[[[-118.309,33.336],[-118.467,33.326],[-118.488,33.42],[-118.603,33.478],[-118.37,33.41],[-118.309,33.336]]],[[[-119.027,33.462],[-119.059,33.491],[-119.03,33.497],[-119.027,33.462]]],[[[-119.974,33.942],[-120.121,33.896],[-120.247,34.002],[-120.042,34.036],[-119.974,33.942]]],[[[-119.432,34.029],[-119.364,34.001],[-119.457,34.015],[-119.432,34.029]]],[[[-119.522,34.032],[-119.723,33.959],[-119.874,33.98],[-119.92,34.077],[-119.522,34.032]]],[[[-120.448,34.038],[-120.369,34.076],[-120.301,34.024],[-120.448,34.038]]],[[[-122.519,47.333],[-122.512,47.449],[-122.476,47.511],[-122.372,47.389],[-122.519,47.333]]],[[[-122.515,48.32],[-122.72,48.234],[-122.587,48.186],[-122.537,48.016],[-122.526,48.097],[-122.375,48.034],[-122.379,47.904],[-122.472,47.989],[-122.548,47.967],[-122.616,48.159],[-122.77,48.228],[-122.666,48.402],[-122.515,48.32]]],[[[-122.641,48.526],[-122.652,48.583],[-122.58,48.548],[-122.641,48.526]]],[[[-122.917,48.714],[-122.742,48.662],[-122.81,48.619],[-122.803,48.429],[-123.039,48.46],[-123.205,48.596],[-123.108,48.623],[-122.986,48.562],[-123.05,48.621],[-122.917,48.714]]],[[[-122.67,48.569],[-122.742,48.584],[-122.713,48.609],[-122.67,48.569]]],[[[-123.215,48.669],[-123.237,48.689],[-123.108,48.634],[-123.215,48.669]]],[[[-122.673,48.681],[-122.724,48.732],[-122.609,48.645],[-122.673,48.681]]],[[[-123.011,48.722],[-123.004,48.694],[-123.072,48.7],[-123.011,48.722]]],[[[-122.817,48.745],[-122.925,48.755],[-122.978,48.794],[-122.817,48.745]]],[[[-123.083,48.976],[-123.036,49.002],[-123.022,48.977],[-123.083,48.976]]],[[[-90.747,29.04],[-90.75,29.056],[-90.653,29.058],[-90.747,29.04]]],[[[-90.42,29.065],[-90.488,29.058],[-90.56,29.094],[-90.42,29.065]]],[[[-90.305,29.076],[-90.377,29.108],[-90.352,29.131],[-90.305,29.076]]],[[[-89.566,29.544],[-89.598,29.508],[-89.627,29.535],[-89.566,29.544]]],[[[-91.712,29.556],[-91.82,29.474],[-92.032,29.573],[-91.927,29.632],[-91.712,29.556]]],[[[-88.834,29.923],[-88.88,30.053],[-88.816,29.934],[-88.826,29.847],[-88.877,29.759],[-88.834,29.923]]],[[[-89.228,30.0],[-89.343,30.059],[-89.189,30.162],[-89.228,30.095],[-89.175,30.043],[-89.228,30.0]]],[[[-88.453,30.189],[-88.51,30.217],[-88.403,30.206],[-88.453,30.189]]],[[[-88.88,30.249],[-88.97,30.201],[-88.988,30.216],[-88.934,30.223],[-88.88,30.249]]],[[[-89.171,30.229],[-89.056,30.249],[-89.074,30.212],[-89.171,30.229]]],[[[-88.715,30.257],[-88.586,30.219],[-88.773,30.246],[-88.715,30.257]]],[[[-88.108,30.225],[-88.331,30.235],[-88.076,30.249],[-88.108,30.225]]],[[[-87.326,45.157],[-87.376,45.199],[-87.333,45.211],[-87.326,45.157]]],[[[-86.906,45.296],[-86.935,45.421],[-86.824,45.406],[-86.906,45.296]]],[[[-86.619,45.562],[-86.662,45.574],[-86.712,45.611],[-86.619,45.562]]],[[[-90.79,46.753],[-90.617,46.875],[-90.567,46.847],[-90.657,46.789],[-90.79,46.753]]],[[[-90.675,46.881],[-90.761,46.839],[-90.678,46.898],[-90.675,46.881]]],[[[-90.449,46.905],[-90.499,46.864],[-90.524,46.876],[-90.449,46.905]]],[[[-90.635,46.906],[-90.528,46.968],[-90.51,46.957],[-90.635,46.906]]],[[[-90.736,46.915],[-90.739,46.964],[-90.689,46.917],[-90.736,46.915]]],[[[-90.93,47.001],[-90.933,46.963],[-90.984,46.986],[-90.93,47.001]]],[[[-90.671,46.949],[-90.775,47.024],[-90.56,47.037],[-90.671,46.949]]],[[[-90.467,47.003],[-90.438,47.074],[-90.395,47.077],[-90.413,47.013],[-90.467,47.003]]],[[[-88.428,48.167],[-88.668,48.011],[-89.002,47.909],[-88.912,47.892],[-89.124,47.829],[-89.253,47.876],[-88.658,48.139],[-88.428,48.167]]],[[[-81.874,24.564],[-81.971,24.515],[-82.017,24.522],[-81.874,24.564]]],[[[-82.1,24.584],[-82.165,24.563],[-82.143,24.593],[-82.1,24.584]]],[[[-82.936,24.615],[-82.879,24.644],[-82.865,24.624],[-82.936,24.615]]],[[[-81.443,24.813],[-81.242,24.674],[-81.813,24.546],[-81.745,24.66],[-81.443,24.813]]],[[[-81.077,24.69],[-81.124,24.707],[-80.916,24.759],[-81.077,24.69]]],[[[-80.797,24.812],[-80.851,24.804],[-80.779,24.84],[-80.797,24.812]]],[[[-80.682,24.881],[-80.75,24.858],[-80.7,24.909],[-80.682,24.881]]],[[[-82.014,26.452],[-82.197,26.492],[-82.265,26.699],[-82.179,26.502],[-82.014,26.452]]],[[[-84.566,29.835],[-84.623,29.778],[-84.67,29.795],[-84.566,29.835]]],[[[-76.361,38.749],[-76.397,38.771],[-76.379,38.788],[-76.361,38.749]]],[[[-82.678,41.618],[-82.685,41.587],[-82.735,41.603],[-82.678,41.618]]],[[[-82.782,41.694],[-82.843,41.628],[-82.821,41.724],[-82.782,41.694]]],[[[-76.411,43.925],[-76.379,43.921],[-76.454,43.891],[-76.411,43.925]]],[[[-86.116,45.048],[-86.095,45.008],[-86.156,45.01],[-86.116,45.048]]],[[[-85.976,45.138],[-85.998,45.056],[-86.059,45.101],[-86.045,45.16],[-85.976,45.138]]],[[[-85.836,45.429],[-85.833,45.378],[-85.883,45.443],[-85.836,45.429]]],[[[-85.492,45.61],[-85.628,45.598],[-85.567,45.76],[-85.503,45.754],[-85.492,45.61]]],[[[-85.671,45.697],[-85.7,45.736],[-85.653,45.743],[-85.671,45.697]]],[[[-85.377,45.813],[-85.352,45.796],[-85.395,45.778],[-85.377,45.813]]],[[[-85.531,45.798],[-85.449,45.796],[-85.463,45.765],[-85.531,45.798]]],[[[-84.652,45.863],[-84.591,45.826],[-84.358,45.771],[-84.501,45.737],[-84.652,45.863]]],[[[-76.013,35.068],[-75.535,35.273],[-75.478,35.553],[-75.528,35.771],[-75.46,35.597],[-75.524,35.234],[-76.013,35.068]]],[[[-75.725,35.936],[-75.618,35.856],[-75.614,35.816],[-75.725,35.936]]],[[[-75.973,37.835],[-75.998,37.812],[-75.998,37.848],[-75.973,37.835]]],[[[-76.034,37.915],[-76.048,38.015],[-76.02,38.039],[-75.98,38.005],[-76.034,37.915]]],[[[-76.095,38.125],[-76.048,38.204],[-76.005,38.077],[-76.045,38.118],[-76.095,38.125]]],[[[-72.125,41.115],[-72.086,41.059],[-72.143,41.098],[-72.125,41.115]]],[[[-72.158,41.197],[-72.201,41.16],[-72.215,41.183],[-72.158,41.197]]],[[[-71.551,41.151],[-71.612,41.16],[-71.573,41.229],[-71.555,41.217],[-71.551,41.151]]],[[[-72.003,41.253],[-72.036,41.255],[-71.928,41.29],[-72.003,41.253]]],[[[-70.119,41.243],[-70.266,41.294],[-70.277,41.31],[-70.126,41.294],[-70.018,41.369],[-69.961,41.279],[-70.119,41.243]]],[[[-70.453,41.348],[-70.776,41.301],[-70.833,41.353],[-70.604,41.482],[-70.485,41.386],[-70.449,41.42],[-70.453,41.348]]],[[[-71.4,41.461],[-71.393,41.524],[-71.375,41.573],[-71.361,41.483],[-71.4,41.461]]],[[[-71.325,41.616],[-71.364,41.661],[-71.307,41.622],[-71.325,41.616]]],[[[-68.881,43.821],[-68.913,43.853],[-68.884,43.885],[-68.881,43.821]]],[[[-76.318,43.918],[-76.336,43.879],[-76.375,43.875],[-76.318,43.918]]],[[[-68.873,44.025],[-68.945,44.113],[-68.827,44.187],[-68.769,44.07],[-68.873,44.025]]],[[[-68.475,44.231],[-68.385,44.155],[-68.439,44.116],[-68.5,44.16],[-68.475,44.231]]],[[[-68.321,44.199],[-68.346,44.169],[-68.371,44.193],[-68.321,44.199]]],[[[-68.791,44.238],[-68.78,44.203],[-68.841,44.236],[-68.791,44.238]]],[[[-68.917,44.243],[-68.967,44.252],[-68.881,44.387],[-68.859,44.364],[-68.917,44.243]]],[[[-68.479,44.32],[-68.529,44.345],[-68.518,44.381],[-68.479,44.32]]]]}},{"type":"Feature","properties":{"NAME":"Alaska (United States, from 1867)","SOURCE":"StuffApp hand overlay: modern outlines composed by acquisition date","LABEL_AT":[64.0,-152.0]},"geometry":{"type":"MultiPolygon","coordinates":[[[[-150.228,61.124],[-150.221,61.17],[-150.157,61.161],[-150.228,61.124]]],[[[-150.774,59.333],[-150.67,59.41],[-150.616,59.395],[-150.72,59.292],[-150.774,59.333]]],[[[-151.528,59.148],[-151.434,59.136],[-151.445,59.105],[-151.528,59.148]]],[[[-151.718,59.132],[-151.639,59.118],[-151.664,59.089],[-151.718,59.132]]],[[[-151.862,59.166],[-151.79,59.164],[-151.808,59.135],[-151.862,59.166]]],[[[-151.89,58.219],[-151.862,58.258],[-151.79,58.247],[-151.818,58.184],[-151.89,58.219]]],[[[-152.073,58.913],[-152.03,58.949],[-151.955,58.914],[-152.073,58.913]]],[[[-152.084,60.346],[-151.951,60.51],[-151.84,60.485],[-151.955,60.368],[-152.084,60.346]]],[[[-152.357,58.915],[-152.307,58.962],[-152.159,58.935],[-152.278,58.907],[-152.357,58.915]]],[[[-152.64,60.165],[-152.579,60.17],[-152.561,60.095],[-152.64,60.165]]],[[[-153.419,58.064],[-153.315,58.14],[-153.168,58.089],[-153.204,58.208],[-152.999,58.212],[-153.103,58.258],[-153.046,58.306],[-152.888,58.283],[-152.938,58.331],[-152.773,58.367],[-152.884,58.401],[-152.612,58.476],[-152.666,58.565],[-152.569,58.621],[-152.328,58.632],[-152.511,58.427],[-152.493,58.355],[-152.364,58.364],[-152.357,58.424],[-152.203,58.355],[-152.131,58.396],[-152.088,58.368],[-152.116,58.248],[-151.962,58.329],[-151.973,58.23],[-152.08,58.154],[-152.195,58.174],[-152.235,58.243],[-152.31,58.221],[-152.264,58.136],[-152.54,58.084],[-152.597,58.18],[-152.63,58.082],[-152.82,57.996],[-153.419,58.064]]],[[[-153.559,59.391],[-153.412,59.415],[-153.347,59.378],[-153.516,59.321],[-153.559,59.391]]],[[[-154.151,56.682],[-154.047,56.731],[-154.019,56.689],[-154.151,56.682]]],[[[-154.363,56.542],[-154.223,56.613],[-153.879,56.566],[-153.954,56.507],[-154.234,56.491],[-154.363,56.542]]],[[[-154.78,57.366],[-154.521,57.578],[-154.227,57.662],[-153.983,57.65],[-153.983,57.553],[-153.889,57.505],[-153.814,57.589],[-153.857,57.651],[-153.667,57.639],[-153.933,57.704],[-153.936,57.813],[-153.649,57.88],[-153.57,57.832],[-153.548,57.718],[-153.495,57.729],[-153.48,57.842],[-153.33,57.85],[-153.462,57.881],[-153.538,57.931],[-153.513,57.968],[-153.089,57.865],[-153.297,57.997],[-152.877,57.932],[-152.723,57.987],[-152.892,57.842],[-152.917,57.771],[-152.849,57.74],[-152.791,57.858],[-152.734,57.816],[-152.637,57.919],[-152.411,57.969],[-152.425,57.931],[-152.325,57.917],[-152.468,57.889],[-152.418,57.815],[-152.213,57.791],[-152.443,57.776],[-152.497,57.735],[-152.439,57.727],[-152.468,57.681],[-152.375,57.675],[-152.468,57.598],[-152.339,57.653],[-152.152,57.62],[-152.339,57.423],[-152.884,57.511],[-152.913,57.471],[-152.601,57.383],[-152.63,57.322],[-152.82,57.266],[-153.057,57.329],[-153.118,57.297],[-152.942,57.257],[-153.215,57.205],[-152.87,57.151],[-153.215,57.076],[-153.301,56.991],[-153.405,57.08],[-153.312,57.194],[-153.498,57.066],[-153.656,57.084],[-153.545,56.995],[-153.972,56.745],[-154.148,56.746],[-153.85,56.943],[-153.976,56.955],[-153.807,57.157],[-154.299,56.846],[-154.313,56.919],[-154.525,56.992],[-154.575,57.24],[-154.794,57.289],[-154.744,57.315],[-154.78,57.366]]],[[[-154.805,56.434],[-154.525,56.604],[-154.392,56.554],[-154.737,56.404],[-154.805,56.434]]],[[[-155.749,55.826],[-155.591,55.913],[-155.562,55.885],[-155.591,55.761],[-155.749,55.826]]],[[[-156.75,56.037],[-156.682,56.099],[-156.635,56.048],[-156.682,55.994],[-156.75,56.037]]],[[[-156.797,56.156],[-156.772,56.227],[-156.761,56.157],[-156.797,56.156]]],[[[-157.324,56.541],[-157.077,56.579],[-156.987,56.533],[-157.113,56.553],[-157.324,56.541]]],[[[-157.902,56.348],[-157.834,56.37],[-157.795,56.321],[-157.827,56.311],[-157.902,56.348]]],[[[-158.897,55.826],[-158.8,55.891],[-158.703,55.841],[-158.807,55.858],[-158.897,55.826]]],[[[-159.144,55.877],[-159.087,55.835],[-159.184,55.845],[-159.144,55.877]]],[[[-159.32,54.897],[-159.277,54.949],[-159.205,54.927],[-159.238,54.877],[-159.32,54.897]]],[[[-159.385,55.749],[-159.32,55.816],[-159.281,55.762],[-159.385,55.749]]],[[[-159.46,54.949],[-159.417,55.022],[-159.456,55.061],[-159.345,55.06],[-159.331,54.975],[-159.46,54.949]]],[[[-159.596,54.756],[-159.568,54.825],[-159.514,54.76],[-159.596,54.756]]],[[[-159.661,55.19],[-159.6,55.172],[-159.521,55.254],[-159.532,55.084],[-159.485,55.058],[-159.65,55.049],[-159.661,55.19]]],[[[-159.819,54.821],[-159.744,54.842],[-159.704,54.817],[-159.776,54.794],[-159.819,54.821]]],[[[-159.848,55.055],[-159.733,55.124],[-159.715,55.093],[-159.83,55.011],[-159.848,55.055]]],[[[-160.113,55.334],[-160.063,55.343],[-160.045,55.307],[-160.113,55.334]]],[[[-160.25,54.93],[-160.077,55.037],[-160.174,55.053],[-160.189,55.118],[-160.11,55.161],[-160.013,55.123],[-160.063,55.201],[-159.955,55.189],[-159.891,55.287],[-159.848,55.268],[-159.905,55.164],[-159.815,55.178],[-159.83,55.127],[-159.948,55.105],[-160.228,54.864],[-160.25,54.93]]],[[[-160.275,58.637],[-160.3,58.73],[-160.25,58.658],[-160.275,58.637]]],[[[-160.347,55.426],[-160.268,55.463],[-160.138,55.451],[-160.142,55.384],[-160.347,55.426]]],[[[-160.436,58.684],[-160.408,58.75],[-160.39,58.701],[-160.436,58.684]]],[[[-160.856,55.318],[-160.709,55.403],[-160.652,55.344],[-160.573,55.389],[-160.332,55.36],[-160.307,55.304],[-160.339,55.252],[-160.566,55.333],[-160.487,55.182],[-160.526,55.13],[-160.691,55.211],[-160.82,55.118],[-160.856,55.318]]],[[[-161.082,58.59],[-161.057,58.702],[-160.684,58.815],[-160.881,58.581],[-161.082,58.59]]],[[[-161.438,55.199],[-161.33,55.219],[-161.344,55.158],[-161.438,55.199]]],[[[-161.693,55.218],[-161.657,55.244],[-161.527,55.251],[-161.56,55.207],[-161.693,55.218]]],[[[-161.904,55.117],[-161.829,55.178],[-161.549,55.066],[-161.657,55.103],[-161.739,55.054],[-161.904,55.117]]],[[[-162.436,54.929],[-162.328,54.986],[-162.235,54.963],[-162.235,54.891],[-162.321,54.828],[-162.436,54.929]]],[[[-162.683,63.584],[-162.54,63.636],[-162.342,63.594],[-162.346,63.551],[-162.615,63.54],[-162.683,63.584]]],[[[-162.784,54.376],[-162.83,54.494],[-162.36,54.39],[-162.468,54.342],[-162.784,54.376]]],[[[-163.171,55.429],[-163.121,55.428],[-163.139,55.396],[-163.171,55.429]]],[[[-164.84,54.178],[-164.822,54.225],[-164.765,54.21],[-164.84,54.178]]],[[[-165.221,54.102],[-165.142,54.131],[-164.919,54.116],[-165.045,54.067],[-165.221,54.102]]],[[[-165.483,54.075],[-165.268,54.096],[-165.235,54.066],[-165.289,54.038],[-165.483,54.075]]],[[[-165.555,54.024],[-165.515,54.067],[-165.49,54.036],[-165.555,54.024]]],[[[-165.684,54.25],[-165.522,54.3],[-165.479,54.282],[-165.558,54.254],[-165.4,54.177],[-165.63,54.133],[-165.58,54.23],[-165.684,54.25]]],[[[-166.1,54.144],[-165.982,54.221],[-165.666,54.132],[-165.874,54.036],[-166.046,54.044],[-166.1,54.144]]],[[[-166.19,53.96],[-166.172,53.998],[-166.075,53.969],[-166.19,53.96]]],[[[-167.443,60.21],[-166.843,60.211],[-166.714,60.327],[-166.151,60.436],[-166.082,60.323],[-165.68,60.292],[-165.723,60.164],[-165.662,60.099],[-165.709,60.066],[-165.626,59.97],[-165.551,59.979],[-165.583,59.908],[-166.025,59.862],[-166.125,59.812],[-166.097,59.757],[-166.19,59.75],[-167.335,60.066],[-167.443,60.21]]],[[[-167.852,53.316],[-167.199,53.463],[-167.188,53.524],[-167.102,53.515],[-167.163,53.606],[-167.008,53.635],[-167.059,53.699],[-166.893,53.718],[-166.807,53.665],[-166.786,53.735],[-167.141,53.827],[-167.03,53.945],[-166.646,54.014],[-166.588,53.96],[-166.646,53.924],[-166.56,53.878],[-166.373,54.01],[-166.208,53.929],[-166.542,53.716],[-166.093,53.839],[-166.168,53.733],[-166.553,53.623],[-166.509,53.584],[-166.664,53.485],[-166.736,53.506],[-166.75,53.441],[-167.037,53.449],[-167.622,53.25],[-167.852,53.316]]],[[[-168.128,65.656],[-165.806,66.333],[-164.399,66.581],[-163.606,66.558],[-163.753,66.549],[-163.764,66.455],[-163.875,66.389],[-163.828,66.281],[-164.094,66.184],[-163.918,66.19],[-163.767,66.061],[-162.751,66.09],[-162.393,66.029],[-162.141,66.079],[-161.84,66.023],[-161.484,66.263],[-160.993,66.234],[-161.108,66.329],[-161.524,66.397],[-161.912,66.344],[-161.876,66.512],[-162.177,66.688],[-162.482,66.73],[-162.626,66.855],[-162.468,66.951],[-162.324,66.943],[-162.012,66.78],[-162.069,66.646],[-161.574,66.439],[-161.294,66.52],[-161.456,66.522],[-161.883,66.717],[-161.675,66.962],[-161.484,66.961],[-161.811,67.05],[-162.5,66.977],[-163.667,67.1],[-163.746,67.126],[-163.821,67.35],[-164.008,67.536],[-164.209,67.639],[-165.314,68.017],[-165.975,68.141],[-166.237,68.273],[-166.84,68.337],[-166.305,68.462],[-166.226,68.576],[-166.215,68.879],[-165.329,68.858],[-164.252,68.931],[-163.534,69.141],[-163.168,69.385],[-163.15,69.613],[-163.01,69.813],[-162.342,70.19],[-161.879,70.329],[-161.287,70.297],[-160.813,70.377],[-159.647,70.794],[-159.173,70.875],[-158.656,70.786],[-157.77,70.876],[-156.567,71.353],[-156.524,71.294],[-156.075,71.243],[-156.018,71.172],[-155.566,71.165],[-155.512,71.081],[-155.978,70.963],[-155.935,70.837],[-155.645,70.824],[-155.343,71.005],[-155.192,70.974],[-155.178,71.028],[-155.275,71.065],[-155.149,71.112],[-155.074,71.072],[-155.031,71.146],[-154.615,71.026],[-154.571,70.826],[-154.169,70.768],[-153.889,70.886],[-153.24,70.922],[-152.224,70.824],[-152.192,70.795],[-152.472,70.689],[-152.421,70.609],[-151.7,70.554],[-151.729,70.495],[-151.948,70.452],[-151.876,70.431],[-151.248,70.372],[-150.989,70.451],[-150.519,70.483],[-150.361,70.409],[-149.866,70.511],[-149.46,70.518],[-148.61,70.422],[-148.351,70.305],[-148.107,70.343],[-147.68,70.2],[-145.857,70.166],[-144.952,69.959],[-143.254,70.152],[-141.431,69.695],[-141.004,69.646],[-141.0,60.306],[-140.534,60.224],[-140.473,60.31],[-139.988,60.186],[-139.697,60.34],[-139.087,60.357],[-139.202,60.09],[-138.703,59.91],[-138.56,59.742],[-137.605,59.243],[-137.497,58.986],[-137.526,58.907],[-136.826,59.158],[-136.582,59.165],[-136.467,59.284],[-136.474,59.464],[-136.302,59.464],[-136.234,59.525],[-136.352,59.599],[-135.476,59.8],[-135.254,59.701],[-135.028,59.564],[-135.067,59.422],[-134.963,59.28],[-134.701,59.248],[-134.568,59.128],[-134.482,59.128],[-134.249,58.858],[-133.84,58.728],[-133.38,58.428],[-133.463,58.386],[-132.253,57.216],[-132.372,57.096],[-132.052,57.051],[-132.128,56.875],[-131.873,56.805],[-131.837,56.602],[-131.582,56.614],[-130.466,56.24],[-130.426,56.14],[-130.103,56.116],[-130.003,55.993],[-130.15,55.767],[-130.128,55.581],[-129.981,55.284],[-130.34,54.921],[-130.695,54.719],[-130.789,54.823],[-130.835,54.766],[-130.947,54.826],[-130.95,54.968],[-131.011,54.996],[-130.983,55.085],[-131.094,55.193],[-130.871,55.294],[-130.904,55.697],[-131.216,55.984],[-130.929,55.577],[-130.993,55.472],[-130.929,55.34],[-131.029,55.408],[-131.033,55.285],[-131.162,55.197],[-131.298,55.235],[-131.202,55.393],[-131.291,55.384],[-131.284,55.286],[-131.428,55.239],[-131.51,55.332],[-131.55,55.293],[-131.844,55.457],[-131.844,55.522],[-131.654,55.592],[-131.726,55.633],[-131.733,55.731],[-131.639,55.789],[-131.704,55.79],[-131.69,55.89],[-131.837,55.876],[-131.779,55.792],[-131.83,55.667],[-131.962,55.615],[-131.973,55.499],[-132.149,55.562],[-132.282,55.761],[-132.207,55.737],[-132.085,55.833],[-132.07,56.047],[-131.945,56.193],[-132.178,56.055],[-132.16,55.922],[-132.278,55.925],[-132.311,55.862],[-132.372,55.85],[-132.494,56.066],[-132.609,56.011],[-132.709,56.112],[-132.72,56.218],[-132.601,56.24],[-132.53,56.339],[-132.422,56.349],[-132.364,56.287],[-132.393,56.486],[-132.253,56.45],[-132.199,56.371],[-132.21,56.457],[-132.569,56.633],[-132.558,56.757],[-132.871,56.926],[-132.917,56.993],[-132.813,57.03],[-132.853,57.08],[-132.993,57.032],[-133.517,57.178],[-133.545,57.243],[-133.492,57.305],[-133.276,57.331],[-133.47,57.364],[-133.527,57.502],[-133.481,57.572],[-133.678,57.625],[-133.653,57.713],[-133.581,57.715],[-133.161,57.6],[-133.56,57.778],[-133.57,57.859],[-133.71,57.793],[-134.048,58.062],[-134.062,58.283],[-133.965,58.318],[-134.012,58.404],[-134.145,58.303],[-134.102,58.248],[-134.148,58.199],[-134.633,58.248],[-134.988,58.68],[-134.92,58.681],[-134.96,58.83],[-135.024,58.732],[-135.15,58.846],[-135.283,59.193],[-135.527,59.324],[-135.297,59.096],[-135.631,59.266],[-135.376,59.089],[-135.369,58.93],[-135.143,58.616],[-135.186,58.598],[-135.056,58.35],[-135.1,58.245],[-135.056,58.19],[-135.279,58.234],[-135.433,58.4],[-135.907,58.381],[-135.896,58.45],[-136.0,58.48],[-135.893,58.514],[-135.911,58.619],[-136.09,58.815],[-136.051,58.913],[-136.162,58.977],[-136.108,58.864],[-136.151,58.757],[-136.248,58.753],[-136.492,58.839],[-136.546,58.967],[-136.632,58.89],[-136.919,58.947],[-136.93,58.9],[-136.463,58.782],[-136.356,58.693],[-136.46,58.608],[-136.219,58.672],[-136.044,58.38],[-136.266,58.315],[-136.338,58.377],[-136.392,58.297],[-136.546,58.316],[-136.596,58.215],[-136.7,58.219],[-136.948,58.393],[-137.113,58.393],[-137.68,58.622],[-138.183,59.014],[-139.855,59.537],[-139.726,59.638],[-139.586,59.606],[-139.511,59.703],[-139.59,59.709],[-139.633,59.875],[-139.489,59.995],[-139.536,60.043],[-139.78,59.827],[-140.308,59.693],[-140.889,59.742],[-141.424,59.877],[-141.485,59.925],[-141.298,59.937],[-141.259,59.998],[-141.366,60.147],[-141.549,60.17],[-141.366,60.024],[-141.736,59.962],[-142.698,60.094],[-143.893,59.986],[-144.033,60.02],[-144.59,59.796],[-144.439,59.94],[-144.216,60.04],[-144.051,60.042],[-144.313,60.162],[-144.349,60.091],[-144.536,60.189],[-144.909,60.221],[-144.74,60.265],[-144.959,60.288],[-144.834,60.443],[-144.888,60.456],[-145.038,60.406],[-145.114,60.301],[-145.595,60.452],[-145.961,60.467],[-145.713,60.583],[-145.763,60.592],[-146.352,60.455],[-146.348,60.408],[-146.133,60.431],[-146.086,60.365],[-146.65,60.243],[-146.693,60.284],[-146.524,60.351],[-146.718,60.35],[-146.722,60.396],[-146.592,60.491],[-146.456,60.466],[-145.799,60.594],[-145.9,60.613],[-145.896,60.674],[-146.004,60.615],[-145.907,60.715],[-146.255,60.622],[-146.065,60.777],[-146.474,60.681],[-146.704,60.742],[-146.255,60.81],[-146.172,60.866],[-146.557,60.81],[-146.664,60.871],[-146.801,60.805],[-146.815,60.856],[-146.697,60.873],[-146.747,60.958],[-146.607,61.085],[-146.262,61.09],[-146.287,61.123],[-146.614,61.119],[-146.973,60.935],[-147.055,60.945],[-146.984,60.976],[-147.063,61.119],[-146.998,61.144],[-147.077,61.153],[-147.127,61.133],[-147.088,61.035],[-147.134,60.946],[-147.274,60.974],[-147.378,60.878],[-147.493,60.958],[-147.551,60.908],[-147.504,61.072],[-147.558,61.082],[-147.601,60.85],[-147.763,60.913],[-147.73,60.818],[-148.136,60.791],[-148.104,60.9],[-147.737,61.265],[-148.068,61.004],[-148.168,61.07],[-148.351,60.804],[-148.452,60.79],[-148.366,60.766],[-148.348,60.68],[-148.279,60.753],[-148.107,60.74],[-148.093,60.662],[-148.254,60.595],[-148.33,60.476],[-148.086,60.595],[-147.942,60.444],[-148.025,60.279],[-148.218,60.332],[-148.312,60.248],[-148.129,60.237],[-147.91,60.131],[-147.816,60.058],[-147.917,59.969],[-148.254,59.932],[-148.222,59.976],[-148.315,60.034],[-148.283,60.085],[-148.344,60.139],[-148.445,59.943],[-148.513,60.002],[-148.635,59.916],[-149.091,59.955],[-149.069,60.055],[-149.378,59.836],[-149.313,59.971],[-149.367,60.119],[-149.424,60.123],[-149.392,59.984],[-149.611,59.838],[-149.507,59.771],[-149.528,59.707],[-149.625,59.735],[-149.64,59.876],[-149.74,59.948],[-149.747,59.638],[-149.848,59.738],[-150.027,59.789],[-149.934,59.669],[-150.354,59.416],[-150.386,59.342],[-150.44,59.404],[-150.318,59.61],[-150.48,59.459],[-150.555,59.59],[-150.641,59.547],[-150.602,59.425],[-150.742,59.425],[-150.943,59.233],[-151.058,59.302],[-151.108,59.217],[-151.305,59.21],[-151.406,59.279],[-151.592,59.162],[-151.739,59.156],[-151.761,59.221],[-151.98,59.254],[-151.887,59.421],[-151.165,59.587],[-151.205,59.646],[-150.982,59.784],[-151.503,59.633],[-151.851,59.739],[-151.704,60.032],[-151.42,60.213],[-151.381,60.358],[-151.298,60.386],[-151.266,60.543],[-151.409,60.721],[-151.025,60.797],[-150.376,61.04],[-150.193,60.901],[-149.999,60.864],[-149.769,60.967],[-149.004,60.832],[-149.087,60.909],[-149.597,60.981],[-150.074,61.156],[-149.701,61.385],[-149.428,61.447],[-149.615,61.493],[-149.877,61.384],[-149.984,61.237],[-150.663,61.296],[-151.025,61.179],[-151.165,61.046],[-151.481,61.011],[-151.793,60.863],[-151.711,60.712],[-152.023,60.674],[-152.31,60.506],[-152.332,60.443],[-152.235,60.394],[-152.558,60.224],[-152.748,60.233],[-152.569,60.071],[-152.705,59.915],[-153.211,59.863],[-153.279,59.811],[-153.021,59.834],[-152.996,59.791],[-153.053,59.692],[-153.215,59.634],[-153.409,59.637],[-153.376,59.731],[-153.455,59.792],[-153.444,59.69],[-153.588,59.651],[-153.584,59.552],[-153.76,59.543],[-153.728,59.436],[-154.119,59.365],[-154.029,59.327],[-154.259,59.143],[-154.173,59.12],[-154.159,59.018],[-154.062,59.072],[-153.696,59.074],[-153.251,58.856],[-153.351,58.844],[-153.401,58.742],[-153.592,58.64],[-153.904,58.597],[-153.918,58.516],[-154.058,58.489],[-154.001,58.376],[-154.169,58.358],[-154.105,58.28],[-154.209,58.136],[-154.342,58.091],[-154.467,58.142],[-154.464,58.059],[-154.582,58.019],[-154.991,58.013],[-155.117,57.954],[-155.063,57.909],[-155.095,57.865],[-155.34,57.826],[-155.307,57.724],[-155.616,57.77],[-155.63,57.657],[-155.724,57.633],[-155.734,57.55],[-156.043,57.565],[-156.022,57.44],[-156.212,57.474],[-156.535,57.328],[-156.506,57.281],[-156.337,57.336],[-156.323,57.293],[-156.398,57.242],[-156.334,57.182],[-156.556,56.984],[-156.782,56.972],[-156.84,56.901],[-156.908,56.966],[-157.202,56.767],[-157.457,56.848],[-157.414,56.769],[-157.565,56.703],[-157.461,56.626],[-157.676,56.609],[-157.737,56.676],[-158.075,56.554],[-157.838,56.56],[-157.874,56.474],[-158.11,56.521],[-158.128,56.461],[-158.401,56.456],[-158.491,56.342],[-158.207,56.294],[-158.329,56.213],[-158.118,56.231],[-158.315,56.164],[-158.394,56.065],[-158.477,56.093],[-158.441,55.993],[-158.599,56.048],[-158.599,56.13],[-158.667,56.078],[-158.652,55.958],[-158.853,56.004],[-158.911,55.935],[-159.374,55.871],[-159.41,55.789],[-159.471,55.828],[-159.453,55.897],[-159.535,55.881],[-159.532,55.665],[-159.733,55.57],[-159.64,55.618],[-159.672,55.751],[-159.607,55.813],[-159.812,55.857],[-159.891,55.785],[-160.027,55.792],[-160.185,55.658],[-160.411,55.665],[-160.393,55.603],[-160.537,55.475],[-160.616,55.576],[-160.77,55.53],[-160.659,55.518],[-160.666,55.46],[-160.781,55.451],[-160.867,55.527],[-161.233,55.358],[-161.506,55.363],[-161.362,55.619],[-161.527,55.631],[-161.7,55.519],[-161.685,55.408],[-161.904,55.205],[-162.048,55.225],[-161.962,55.107],[-162.052,55.074],[-162.177,55.154],[-162.249,55.02],[-162.471,55.052],[-162.522,55.115],[-162.407,55.121],[-162.626,55.304],[-162.719,55.22],[-162.579,55.137],[-162.619,55.097],[-162.568,54.971],[-162.834,54.926],[-163.003,55.08],[-163.189,55.091],[-163.225,55.042],[-163.035,54.943],[-163.372,54.801],[-163.186,54.775],[-163.06,54.661],[-163.34,54.749],[-163.43,54.715],[-163.423,54.656],[-163.588,54.612],[-164.234,54.585],[-164.456,54.42],[-164.844,54.418],[-164.948,54.58],[-164.711,54.662],[-164.485,54.922],[-164.345,54.894],[-163.896,55.039],[-163.534,55.048],[-163.415,54.859],[-163.319,54.88],[-163.34,54.957],[-163.232,54.931],[-163.315,55.127],[-162.881,55.183],[-162.845,55.243],[-162.888,55.27],[-162.64,55.393],[-162.576,55.348],[-162.5,55.39],[-162.518,55.461],[-162.59,55.453],[-162.263,55.688],[-161.807,55.892],[-160.828,56.027],[-160.828,55.911],[-160.932,55.895],[-160.942,55.822],[-160.806,55.738],[-160.655,55.74],[-160.759,55.786],[-160.792,55.886],[-160.494,55.865],[-160.469,55.791],[-160.293,55.766],[-160.318,55.819],[-160.221,55.832],[-160.591,55.983],[-160.357,56.279],[-159.83,56.544],[-158.958,56.851],[-158.674,56.797],[-158.699,56.927],[-158.645,57.032],[-158.394,57.236],[-157.787,57.542],[-157.68,57.564],[-157.586,57.487],[-157.608,57.613],[-157.712,57.64],[-157.583,58.124],[-157.353,58.219],[-157.547,58.278],[-157.525,58.414],[-157.077,58.708],[-156.93,58.974],[-157.116,58.868],[-158.139,58.615],[-158.566,58.803],[-158.487,59.0],[-158.53,58.998],[-158.767,58.864],[-158.771,58.765],[-158.861,58.695],[-158.703,58.483],[-158.897,58.39],[-159.047,58.418],[-159.449,58.797],[-159.643,58.845],[-159.586,58.9],[-159.643,58.938],[-159.909,58.78],[-159.984,58.87],[-160.149,58.866],[-160.153,58.917],[-160.321,58.954],[-160.257,58.994],[-160.318,59.071],[-160.641,58.964],[-160.824,58.829],[-160.871,58.878],[-161.0,58.85],[-161.754,58.552],[-161.872,58.638],[-162.17,58.649],[-161.876,58.666],[-161.768,58.775],[-161.822,59.051],[-162.055,59.271],[-161.703,59.491],[-162.371,60.167],[-162.489,60.143],[-162.475,60.047],[-162.547,59.981],[-162.708,59.991],[-163.347,59.82],[-163.932,59.804],[-164.162,59.864],[-164.209,59.949],[-164.126,59.965],[-164.191,60.024],[-164.385,60.077],[-164.7,60.296],[-165.131,60.434],[-164.97,60.54],[-165.364,60.507],[-165.422,60.551],[-164.966,60.724],[-165.038,60.789],[-164.923,60.809],[-165.02,60.815],[-164.905,60.942],[-165.031,60.904],[-165.196,60.974],[-164.952,61.07],[-165.12,61.079],[-165.289,61.181],[-165.368,61.084],[-165.591,61.111],[-165.623,61.278],[-165.817,61.303],[-165.917,61.419],[-165.745,61.49],[-165.914,61.556],[-166.151,61.513],[-166.154,61.715],[-166.14,61.632],[-165.81,61.673],[-166.086,61.816],[-165.641,61.847],[-165.745,61.962],[-165.749,62.074],[-165.095,62.522],[-165.013,62.64],[-164.837,62.686],[-164.876,62.784],[-164.783,62.946],[-164.424,63.212],[-164.036,63.261],[-163.731,63.213],[-163.315,63.038],[-163.053,63.058],[-162.82,63.205],[-162.662,63.23],[-162.27,63.488],[-162.303,63.538],[-162.073,63.514],[-162.026,63.447],[-161.136,63.504],[-160.767,63.774],[-160.767,63.835],[-160.953,64.09],[-160.975,64.236],[-161.262,64.398],[-161.506,64.423],[-161.47,64.507],[-161.373,64.535],[-161.014,64.502],[-161.05,64.541],[-160.792,64.619],[-160.785,64.717],[-161.194,64.922],[-161.366,64.779],[-161.667,64.789],[-162.17,64.68],[-162.54,64.531],[-162.633,64.386],[-162.791,64.325],[-162.859,64.5],[-163.175,64.64],[-163.311,64.588],[-163.035,64.52],[-163.107,64.409],[-163.599,64.563],[-164.259,64.564],[-165.016,64.435],[-166.237,64.583],[-166.484,64.734],[-166.43,64.883],[-166.897,65.139],[-166.639,65.113],[-166.348,65.276],[-167.4,65.4],[-168.074,65.576],[-168.128,65.656]]],[[[-169.101,52.824],[-168.785,53.045],[-168.764,53.183],[-168.598,53.274],[-168.344,53.262],[-168.419,53.323],[-168.344,53.476],[-168.006,53.566],[-167.791,53.521],[-167.841,53.386],[-168.272,53.243],[-168.498,53.036],[-169.101,52.824]]],[[[-169.27,52.773],[-169.166,52.815],[-169.169,52.776],[-169.27,52.773]]],[[[-169.697,52.958],[-169.747,53.021],[-169.679,53.035],[-169.697,52.958]]],[[[-169.79,56.618],[-169.506,56.611],[-169.471,56.599],[-169.65,56.544],[-169.79,56.618]]],[[[-169.776,53.08],[-169.747,53.046],[-169.801,53.057],[-169.776,53.08]]],[[[-170.005,52.847],[-169.772,52.895],[-169.668,52.865],[-169.729,52.775],[-170.005,52.847]]],[[[-170.048,52.857],[-170.084,52.924],[-169.998,52.884],[-170.048,52.857]]],[[[-170.185,52.723],[-170.171,52.785],[-170.052,52.769],[-170.077,52.72],[-170.185,52.723]]],[[[-170.422,57.169],[-170.389,57.206],[-170.163,57.23],[-170.285,57.128],[-170.422,57.169]]],[[[-170.835,52.6],[-170.673,52.698],[-170.562,52.675],[-170.605,52.602],[-170.788,52.54],[-170.835,52.6]]],[[[-171.15,52.585],[-171.118,52.557],[-171.176,52.559],[-171.15,52.585]]],[[[-171.312,52.494],[-171.251,52.53],[-171.193,52.498],[-171.237,52.451],[-171.312,52.494]]],[[[-171.84,63.548],[-171.743,63.655],[-171.743,63.783],[-171.667,63.786],[-171.61,63.679],[-170.906,63.572],[-170.49,63.697],[-170.282,63.685],[-170.095,63.612],[-170.048,63.49],[-169.858,63.442],[-168.685,63.296],[-168.86,63.147],[-169.377,63.151],[-169.535,63.075],[-169.639,62.937],[-169.747,62.956],[-169.944,63.132],[-170.264,63.179],[-170.364,63.286],[-170.558,63.355],[-171.1,63.423],[-171.463,63.307],[-171.739,63.366],[-171.825,63.437],[-171.84,63.548]]],[[[-172.622,52.299],[-172.45,52.391],[-172.31,52.356],[-172.529,52.254],[-172.622,52.299]]],[[[-173.063,60.503],[-172.913,60.604],[-172.884,60.508],[-172.766,60.448],[-172.22,60.312],[-172.604,60.32],[-173.063,60.503]]],[[[-173.117,60.659],[-173.063,60.695],[-173.046,60.623],[-173.117,60.659]]],[[[-174.047,52.133],[-173.512,52.153],[-173.498,52.104],[-172.959,52.093],[-173.48,52.026],[-173.936,52.057],[-174.047,52.133]]],[[[-175.328,52.027],[-174.298,52.214],[-174.255,52.275],[-174.453,52.305],[-174.187,52.418],[-173.99,52.325],[-174.061,52.226],[-174.183,52.232],[-174.09,52.107],[-174.348,52.11],[-174.417,52.028],[-175.328,52.027]]],[[[-175.504,51.969],[-175.45,51.997],[-175.425,51.972],[-175.504,51.969]]],[[[-175.54,52.184],[-175.483,52.167],[-175.522,52.157],[-175.54,52.184]]],[[[-175.723,51.932],[-175.58,51.972],[-175.576,51.95],[-175.723,51.932]]],[[[-175.953,51.983],[-175.813,51.995],[-175.759,51.917],[-175.816,51.921],[-175.953,51.983]]],[[[-176.201,52.079],[-176.057,52.11],[-175.974,52.041],[-176.046,52.008],[-175.992,51.96],[-176.168,51.948],[-176.201,52.079]]],[[[-176.157,51.769],[-176.218,51.874],[-175.956,51.893],[-176.046,51.846],[-176.0,51.801],[-176.104,51.826],[-176.157,51.769]]],[[[-176.99,51.629],[-176.872,51.732],[-176.904,51.812],[-176.789,51.818],[-176.775,51.966],[-176.588,52.003],[-176.545,51.928],[-176.624,51.86],[-176.29,51.873],[-176.265,51.818],[-176.29,51.742],[-176.714,51.684],[-176.714,51.621],[-176.8,51.613],[-176.865,51.685],[-176.933,51.592],[-176.99,51.629]]],[[[-177.46,51.885],[-177.417,51.921],[-177.41,51.899],[-177.46,51.885]]],[[[-177.704,51.708],[-177.281,51.784],[-177.155,51.945],[-177.044,51.898],[-177.137,51.814],[-177.145,51.708],[-177.392,51.733],[-177.636,51.659],[-177.704,51.708]]],[[[-178.225,51.88],[-177.952,51.915],[-177.852,51.826],[-177.615,51.855],[-177.798,51.793],[-177.931,51.602],[-178.117,51.678],[-177.956,51.723],[-177.966,51.778],[-178.225,51.88]]],[[[-178.681,51.609],[-178.566,51.598],[-178.674,51.589],[-178.681,51.609]]],[[[-178.857,51.577],[-178.76,51.562],[-178.735,51.543],[-178.824,51.547],[-178.857,51.577]]],[[[-178.871,51.795],[-178.821,51.84],[-178.749,51.757],[-178.817,51.749],[-178.871,51.795]]],[[[-178.989,51.312],[-178.964,51.403],[-178.91,51.341],[-178.989,51.312]]],[[[-179.137,51.229],[-179.094,51.301],[-179.072,51.251],[-179.137,51.229]]],[[[179.484,51.982],[179.664,52.023],[179.775,51.97],[179.613,51.872],[179.484,51.921],[179.484,51.982]]],[[[178.626,51.637],[178.903,51.615],[179.229,51.414],[179.463,51.376],[179.262,51.358],[178.953,51.542],[178.626,51.637]]],[[[178.447,51.978],[178.551,51.974],[178.59,51.946],[178.504,51.9],[178.447,51.978]]],[[[178.239,51.828],[178.307,51.822],[178.382,51.764],[178.303,51.777],[178.239,51.828]]],[[[178.131,51.987],[178.12,52.052],[178.192,52.004],[178.131,51.987]]],[[[177.205,51.897],[177.485,51.985],[177.564,52.122],[177.675,52.092],[177.532,51.97],[177.607,51.925],[177.41,51.931],[177.334,51.844],[177.205,51.897]]],[[[175.873,52.371],[175.967,52.36],[175.902,52.336],[175.873,52.371]]],[[[174.071,52.719],[174.147,52.728],[174.158,52.706],[174.071,52.719]]],[[[173.953,52.751],[174.003,52.744],[174.003,52.72],[173.953,52.751]]],[[[173.867,52.775],[173.939,52.752],[173.896,52.75],[173.867,52.775]]],[[[173.357,52.405],[173.623,52.507],[173.77,52.512],[173.691,52.446],[173.727,52.356],[173.357,52.405]]],[[[172.46,52.927],[172.629,53.001],[173.106,52.994],[173.429,52.83],[173.228,52.856],[173.135,52.784],[172.905,52.762],[172.639,52.926],[172.46,52.927]]],[[[-131.248,55.073],[-131.173,55.088],[-131.191,55.043],[-131.248,55.073]]],[[[-131.485,54.951],[-131.266,54.999],[-131.194,54.918],[-131.352,54.859],[-131.485,54.951]]],[[[-131.593,54.931],[-131.528,55.002],[-131.499,54.981],[-131.593,54.931]]],[[[-131.647,55.036],[-131.55,55.143],[-131.589,55.274],[-131.356,55.183],[-131.388,55.012],[-131.647,55.036]]],[[[-131.83,55.192],[-131.833,55.422],[-131.647,55.306],[-131.747,55.128],[-131.83,55.192]]],[[[-132.49,56.504],[-132.476,56.545],[-132.443,56.519],[-132.49,56.504]]],[[[-132.562,56.379],[-132.479,56.438],[-132.404,56.406],[-132.494,56.355],[-132.562,56.379]]],[[[-132.652,56.483],[-132.58,56.511],[-132.519,56.556],[-132.601,56.449],[-132.652,56.483]]],[[[-132.889,54.975],[-132.824,54.98],[-132.838,54.934],[-132.889,54.975]]],[[[-133.025,56.23],[-132.964,56.255],[-132.849,56.113],[-133.003,56.156],[-133.025,56.23]]],[[[-133.068,56.357],[-132.928,56.456],[-132.734,56.458],[-132.619,56.391],[-132.684,56.346],[-132.662,56.275],[-132.878,56.24],[-133.068,56.357]]],[[[-133.319,55.426],[-133.244,55.45],[-133.251,55.41],[-133.319,55.426]]],[[[-133.549,54.784],[-133.531,54.869],[-133.495,54.759],[-133.549,54.784]]],[[[-133.624,55.583],[-133.621,55.698],[-133.549,55.672],[-133.624,55.583]]],[[[-133.71,55.675],[-133.667,55.682],[-133.671,55.652],[-133.71,55.675]]],[[[-133.789,55.458],[-133.732,55.559],[-133.581,55.537],[-133.617,55.457],[-133.413,55.571],[-133.287,55.536],[-133.474,55.437],[-133.42,55.386],[-133.578,55.325],[-133.61,55.242],[-133.693,55.309],[-133.635,55.428],[-133.789,55.458]]],[[[-133.818,55.964],[-133.553,56.097],[-133.632,56.108],[-133.549,56.158],[-133.678,56.212],[-133.628,56.237],[-133.664,56.31],[-133.581,56.353],[-133.165,56.317],[-133.039,56.184],[-133.057,56.125],[-132.634,55.922],[-132.472,55.782],[-132.461,55.674],[-132.142,55.458],[-132.515,55.577],[-132.609,55.487],[-132.318,55.469],[-132.282,55.444],[-132.418,55.432],[-132.275,55.42],[-132.099,55.28],[-132.207,55.219],[-131.995,55.259],[-132.016,55.121],[-132.199,55.006],[-131.984,55.028],[-131.959,54.792],[-132.031,54.701],[-132.163,54.694],[-132.508,54.781],[-132.347,54.852],[-132.609,54.966],[-132.54,55.097],[-132.634,55.055],[-132.58,55.166],[-132.619,55.2],[-132.734,55.134],[-132.684,55.046],[-132.749,54.996],[-132.917,55.044],[-132.871,55.124],[-132.935,55.21],[-133.118,55.251],[-132.889,54.896],[-132.802,54.874],[-132.817,54.924],[-132.731,54.939],[-132.63,54.884],[-132.616,54.777],[-132.756,54.821],[-132.673,54.675],[-132.871,54.702],[-133.161,54.959],[-133.24,55.092],[-133.136,55.099],[-133.233,55.128],[-133.222,55.23],[-133.474,55.248],[-133.452,55.32],[-133.334,55.346],[-133.294,55.292],[-133.233,55.309],[-133.258,55.367],[-133.079,55.41],[-133.183,55.493],[-133.133,55.503],[-133.176,55.587],[-133.438,55.644],[-133.416,55.74],[-133.513,55.755],[-133.527,55.695],[-133.7,55.779],[-133.556,55.835],[-133.323,55.819],[-133.524,55.888],[-133.495,56.017],[-133.718,55.893],[-133.818,55.964]]],[[[-133.876,57.267],[-133.829,57.322],[-133.779,57.294],[-133.876,57.267]]],[[[-133.944,55.913],[-133.854,55.932],[-133.84,55.887],[-133.904,55.848],[-133.944,55.913]]],[[[-134.367,55.911],[-134.152,55.921],[-134.098,55.984],[-134.13,55.897],[-134.281,55.828],[-134.367,55.911]]],[[[-134.414,56.848],[-134.148,56.957],[-133.944,56.805],[-133.8,56.785],[-133.764,56.808],[-134.048,57.029],[-133.886,57.097],[-133.104,57.005],[-132.935,56.823],[-132.54,56.584],[-132.817,56.495],[-133.14,56.533],[-133.204,56.448],[-133.416,56.494],[-133.513,56.437],[-133.664,56.448],[-133.714,56.55],[-133.822,56.495],[-133.782,56.393],[-133.865,56.39],[-133.836,56.32],[-133.962,56.091],[-134.087,56.095],[-134.138,56.006],[-134.235,56.067],[-134.299,56.29],[-134.199,56.531],[-134.321,56.554],[-134.414,56.848]]],[[[-134.96,58.404],[-134.73,58.273],[-134.701,58.162],[-134.177,58.16],[-134.188,58.084],[-133.904,57.808],[-133.897,57.686],[-133.822,57.634],[-133.84,57.577],[-134.03,57.819],[-134.206,57.896],[-134.098,57.78],[-134.145,57.761],[-133.937,57.614],[-133.872,57.358],[-133.962,57.305],[-134.095,57.327],[-134.156,57.208],[-134.497,57.031],[-134.601,57.034],[-134.647,57.226],[-134.518,57.315],[-134.579,57.401],[-134.464,57.392],[-134.733,57.722],[-134.705,57.829],[-134.784,58.096],[-134.916,58.215],[-134.96,58.404]]],[[[-135.028,58.52],[-134.902,58.481],[-134.805,58.374],[-134.841,58.37],[-135.028,58.52]]],[[[-135.351,59.02],[-135.297,58.959],[-135.297,58.919],[-135.333,58.944],[-135.351,59.02]]],[[[-135.695,57.363],[-135.419,57.564],[-135.146,57.439],[-134.848,57.41],[-134.812,57.3],[-134.956,57.31],[-134.841,57.249],[-134.633,56.729],[-134.665,56.17],[-134.805,56.236],[-135.06,56.542],[-134.967,56.603],[-135.125,56.603],[-135.311,56.778],[-135.505,56.781],[-135.573,56.864],[-135.433,56.852],[-135.444,56.943],[-135.354,57.021],[-135.494,57.095],[-135.358,57.243],[-135.476,57.257],[-135.552,57.233],[-135.695,57.363]]],[[[-135.728,58.365],[-135.602,58.375],[-135.545,58.33],[-135.649,58.325],[-135.728,58.365]]],[[[-135.832,57.17],[-135.85,57.339],[-135.76,57.346],[-135.541,57.213],[-135.397,57.23],[-135.638,57.01],[-135.825,56.989],[-135.846,57.084],[-135.753,57.167],[-135.832,57.17]]],[[[-136.155,58.597],[-136.122,58.609],[-136.097,58.559],[-136.155,58.597]]],[[[-136.155,58.284],[-136.047,58.319],[-136.036,58.273],[-136.094,58.257],[-136.155,58.284]]],[[[-136.575,57.927],[-136.557,58.077],[-136.367,58.149],[-136.399,58.272],[-136.284,58.27],[-136.241,58.172],[-135.785,58.287],[-135.498,58.169],[-135.638,57.994],[-135.397,58.145],[-134.967,58.047],[-134.927,57.922],[-135.175,57.919],[-134.949,57.805],[-135.114,57.779],[-134.942,57.764],[-134.823,57.5],[-135.085,57.465],[-135.685,57.677],[-135.512,57.596],[-135.588,57.569],[-135.598,57.443],[-135.71,57.368],[-135.893,57.408],[-136.119,57.591],[-136.23,57.596],[-136.309,57.779],[-136.575,57.927]]],[[[-145.656,60.368],[-145.555,60.356],[-145.512,60.318],[-145.609,60.31],[-145.656,60.368]]],[[[-146.011,60.396],[-145.954,60.408],[-145.745,60.386],[-145.832,60.351],[-146.011,60.396]]],[[[-147.321,60.881],[-147.228,60.911],[-147.077,60.9],[-147.142,60.854],[-147.321,60.881]]],[[[-147.501,60.654],[-147.486,60.728],[-147.386,60.741],[-147.31,60.665],[-147.501,60.654]]],[[[-147.483,60.224],[-147.497,60.266],[-147.343,60.306],[-147.483,60.224]]],[[[-147.928,59.784],[-147.694,59.997],[-147.4,60.116],[-147.224,60.255],[-147.199,60.351],[-147.102,60.38],[-147.002,60.345],[-147.063,60.301],[-146.915,60.291],[-147.501,59.927],[-147.393,59.878],[-147.461,59.842],[-147.928,59.784]]],[[[-147.949,60.244],[-147.791,60.476],[-147.709,60.452],[-147.723,60.509],[-147.565,60.581],[-147.691,60.405],[-147.619,60.369],[-147.759,60.156],[-147.949,60.244]]],[[[-148.021,60.725],[-147.967,60.752],[-147.845,60.694],[-147.931,60.656],[-148.021,60.725]]]]}},{"type":"Feature","properties":{"NAME":"Mexico","SOURCE":"StuffApp hand overlay: modern outlines composed by acquisition date","LABEL_AT":[24.0,-103.0]},"geometry":{"type":"MultiPolygon","coordinates":[[[[-117.129,32.533],[-114.724,32.716],[-114.836,32.509],[-111.041,31.325],[-108.215,31.33],[-108.212,31.78],[-106.444,31.768],[-106.149,31.45],[-104.918,30.584],[-104.68,30.134],[-104.622,29.855],[-104.399,29.573],[-103.258,29.001],[-103.089,29.042],[-102.891,29.216],[-102.732,29.645],[-102.614,29.752],[-102.268,29.872],[-101.991,29.796],[-101.44,29.777],[-100.756,29.183],[-100.331,28.502],[-100.295,28.327],[-99.755,27.73],[-99.507,27.548],[-99.456,27.056],[-99.23,26.761],[-99.107,26.447],[-98.276,26.112],[-97.8,26.042],[-97.376,25.872],[-97.145,25.961],[-97.163,25.754],[-97.509,25.015],[-97.667,24.39],[-97.743,23.761],[-97.746,22.942],[-97.844,22.51],[-97.764,22.105],[-97.584,21.808],[-97.314,21.564],[-97.408,21.272],[-97.383,21.567],[-97.592,21.761],[-97.754,22.027],[-97.638,21.603],[-97.516,21.478],[-97.185,20.716],[-96.458,19.869],[-96.288,19.343],[-95.777,18.805],[-95.921,18.819],[-95.626,18.69],[-95.579,18.69],[-95.72,18.769],[-95.183,18.701],[-95.014,18.571],[-94.798,18.515],[-94.546,18.175],[-94.46,18.166],[-94.19,18.196],[-93.552,18.43],[-92.886,18.468],[-92.71,18.612],[-92.44,18.675],[-91.976,18.716],[-91.882,18.638],[-91.914,18.529],[-91.533,18.456],[-91.274,18.624],[-91.277,18.72],[-91.367,18.807],[-91.342,18.9],[-91.468,18.833],[-91.436,18.89],[-90.957,19.152],[-90.741,19.352],[-90.694,19.73],[-90.492,19.947],[-90.485,20.557],[-90.352,21.01],[-89.819,21.275],[-88.879,21.414],[-88.465,21.569],[-88.008,21.603],[-87.252,21.447],[-87.187,21.546],[-87.385,21.551],[-87.13,21.621],[-86.824,21.421],[-86.773,21.15],[-86.925,20.786],[-87.421,20.232],[-87.465,19.824],[-87.587,19.779],[-87.688,19.637],[-87.645,19.553],[-87.425,19.583],[-87.483,19.444],[-87.659,19.352],[-87.655,19.258],[-87.551,19.321],[-87.501,19.288],[-87.803,18.357],[-87.882,18.274],[-88.041,18.484],[-88.012,18.727],[-88.073,18.835],[-88.195,18.72],[-88.296,18.472],[-88.523,18.446],[-88.807,17.965],[-88.897,17.914],[-89.049,18.0],[-89.135,17.97],[-89.16,17.815],[-90.989,17.817],[-90.993,17.253],[-91.41,17.257],[-90.712,16.708],[-90.633,16.51],[-90.417,16.39],[-90.446,16.073],[-91.738,16.071],[-92.206,15.276],[-92.076,15.074],[-92.159,14.963],[-92.159,14.691],[-92.235,14.545],[-93.167,15.448],[-93.916,16.053],[-94.373,16.284],[-94.427,16.227],[-94.002,16.019],[-94.661,16.203],[-94.586,16.316],[-94.618,16.347],[-94.791,16.288],[-94.794,16.364],[-94.899,16.418],[-95.021,16.277],[-94.798,16.21],[-95.133,16.177],[-95.464,15.975],[-96.213,15.692],[-96.512,15.652],[-97.185,15.909],[-97.754,15.967],[-98.139,16.206],[-98.52,16.305],[-98.762,16.534],[-99.69,16.72],[-100.025,16.92],[-100.846,17.201],[-101.602,17.652],[-101.919,17.96],[-102.218,17.958],[-102.7,18.062],[-103.442,18.326],[-103.913,18.829],[-104.939,19.31],[-105.483,19.977],[-105.67,20.385],[-105.544,20.498],[-105.26,20.579],[-105.328,20.753],[-105.512,20.808],[-105.238,21.119],[-105.209,21.491],[-105.432,21.619],[-105.648,21.989],[-105.645,22.327],[-105.792,22.628],[-106.401,23.195],[-106.937,23.881],[-107.765,24.471],[-107.528,24.36],[-107.513,24.489],[-107.952,24.615],[-108.014,24.784],[-108.28,25.082],[-108.14,25.018],[-108.05,25.067],[-108.698,25.383],[-108.788,25.537],[-109.029,25.48],[-109.068,25.551],[-108.971,25.589],[-108.885,25.733],[-109.083,25.615],[-109.306,25.633],[-109.385,25.726],[-109.425,26.032],[-109.198,26.305],[-109.115,26.252],[-109.277,26.534],[-109.482,26.711],[-109.756,26.702],[-109.943,27.079],[-110.379,27.233],[-110.591,27.544],[-110.617,27.653],[-110.53,27.863],[-110.923,27.89],[-111.121,27.968],[-111.473,28.384],[-111.679,28.471],[-112.161,29.02],[-112.222,29.27],[-112.377,29.348],[-112.413,29.537],[-112.737,29.985],[-112.823,30.301],[-113.057,30.652],[-113.119,31.047],[-113.043,31.087],[-113.047,31.179],[-113.623,31.346],[-113.633,31.467],[-113.759,31.558],[-113.947,31.629],[-114.004,31.525],[-114.148,31.507],[-114.933,31.901],[-114.789,31.648],[-114.883,31.157],[-114.703,30.764],[-114.634,30.507],[-114.649,30.238],[-114.551,30.023],[-113.756,29.367],[-113.547,29.103],[-113.5,28.926],[-113.381,28.947],[-113.32,28.813],[-113.205,28.799],[-113.093,28.511],[-112.87,28.424],[-112.733,27.825],[-112.33,27.523],[-112.19,27.186],[-112.003,27.079],[-112.01,26.968],[-111.884,26.841],[-111.862,26.678],[-111.7,26.581],[-111.815,26.756],[-111.794,26.879],[-111.571,26.707],[-111.333,26.126],[-111.293,25.789],[-111.149,25.572],[-111.034,25.527],[-110.894,25.145],[-110.689,24.867],[-110.735,24.589],[-110.66,24.341],[-110.368,24.1],[-110.296,24.195],[-110.325,24.306],[-110.264,24.345],[-109.81,23.938],[-109.677,23.662],[-109.511,23.598],[-109.421,23.48],[-109.457,23.214],[-109.824,22.923],[-110.005,22.893],[-110.181,23.341],[-110.361,23.605],[-110.631,23.737],[-111.038,24.105],[-111.682,24.556],[-111.801,24.543],[-111.848,24.669],[-112.071,24.839],[-112.129,25.042],[-112.057,25.489],[-112.175,25.912],[-112.377,26.214],[-112.658,26.317],[-113.021,26.584],[-113.119,26.716],[-113.155,26.947],[-113.273,26.791],[-113.597,26.721],[-113.842,26.966],[-114.447,27.218],[-114.541,27.431],[-114.994,27.737],[-115.037,27.843],[-114.569,27.784],[-114.299,27.872],[-114.303,27.775],[-114.069,27.676],[-114.177,27.83],[-114.159,27.919],[-114.267,27.935],[-114.184,28.013],[-114.047,28.426],[-114.145,28.605],[-114.937,29.351],[-115.167,29.428],[-115.675,29.756],[-115.808,29.961],[-115.815,30.304],[-115.995,30.414],[-116.063,30.804],[-116.297,30.971],[-116.333,31.204],[-116.661,31.565],[-116.722,31.735],[-116.625,31.757],[-116.621,31.851],[-116.848,31.997],[-117.129,32.533]]],[[[-86.763,20.579],[-86.993,20.272],[-86.979,20.489],[-86.763,20.579]]],[[[-106.502,21.61],[-106.53,21.529],[-106.606,21.562],[-106.638,21.697],[-106.502,21.61]]],[[[-110.915,18.741],[-110.977,18.72],[-111.063,18.782],[-111.041,18.829],[-110.991,18.862],[-110.915,18.741]]],[[[-110.595,25.042],[-110.537,24.891],[-110.699,25.081],[-110.595,25.042]]],[[[-113.155,29.053],[-113.497,29.308],[-113.579,29.414],[-113.587,29.573],[-113.417,29.487],[-113.374,29.339],[-113.201,29.303],[-113.155,29.053]]],[[[-115.171,28.07],[-115.354,28.105],[-115.232,28.369],[-115.149,28.172],[-115.171,28.07]]],[[[-112.204,29.006],[-112.28,28.77],[-112.514,28.848],[-112.424,29.204],[-112.283,29.24],[-112.204,29.006]]],[[[-118.241,28.942],[-118.285,28.903],[-118.4,29.112],[-118.367,29.188],[-118.313,29.183],[-118.241,28.942]]],[[[-86.737,21.281],[-86.698,21.19],[-86.752,21.279],[-86.737,21.281]]],[[[-91.655,18.711],[-91.817,18.677],[-91.536,18.76],[-91.655,18.711]]],[[[-109.792,24.183],[-109.878,24.201],[-109.889,24.345],[-109.792,24.183]]],[[[-114.695,31.705],[-114.789,31.747],[-114.785,31.79],[-114.71,31.757],[-114.695,31.705]]],[[[-111.092,26.075],[-111.088,25.985],[-111.135,25.999],[-111.225,25.836],[-111.182,26.041],[-111.092,26.075]]],[[[-111.859,24.537],[-111.711,24.346],[-112.013,24.534],[-111.859,24.537]]],[[[-112.057,24.546],[-112.175,24.73],[-112.298,24.789],[-112.161,25.286],[-112.193,24.841],[-112.057,24.546]]]]}},{"type":"Feature","properties":{"NAME":"Dominion of Canada","SOURCE":"StuffApp hand overlay: modern outlines composed by acquisition date","LABEL_AT":[56.0,-100.0]},"geometry":{"type":"MultiPolygon","coordinates":[[[[-132.656,54.127],[-132.562,54.068],[-132.303,54.1],[-132.166,53.956],[-132.174,53.846],[-132.566,53.688],[-132.534,53.652],[-132.188,53.685],[-132.112,53.86],[-132.134,54.034],[-131.666,54.141],[-131.889,53.714],[-131.929,53.379],[-132.012,53.265],[-132.519,53.194],[-132.746,53.31],[-132.656,53.371],[-132.426,53.338],[-132.847,53.508],[-133.052,53.779],[-133.099,54.006],[-133.048,54.159],[-132.656,54.127]]],[[[-131.893,53.232],[-131.652,53.103],[-131.634,52.923],[-131.972,52.879],[-131.454,52.702],[-131.59,52.579],[-131.428,52.423],[-131.259,52.416],[-131.32,52.303],[-131.144,52.291],[-131.115,52.22],[-131.223,52.154],[-132.166,52.784],[-132.26,52.907],[-132.145,52.999],[-132.548,53.138],[-131.893,53.232]]],[[[-127.198,50.64],[-125.481,50.317],[-124.934,49.732],[-124.829,49.531],[-123.994,49.223],[-123.854,49.119],[-123.497,48.583],[-123.443,48.69],[-123.389,48.669],[-123.31,48.411],[-123.447,48.426],[-123.573,48.322],[-125.017,48.711],[-125.135,48.822],[-124.851,49.029],[-124.811,49.213],[-124.927,49.015],[-125.542,48.952],[-125.83,49.091],[-125.643,49.185],[-125.834,49.277],[-125.953,49.248],[-125.935,49.402],[-126.55,49.419],[-126.543,49.591],[-126.133,49.673],[-126.525,49.72],[-126.683,49.876],[-126.903,49.944],[-127.115,49.879],[-127.249,50.138],[-127.349,50.051],[-127.468,50.164],[-127.864,50.128],[-127.839,50.293],[-127.961,50.346],[-127.907,50.445],[-127.641,50.478],[-127.486,50.405],[-127.529,50.537],[-127.465,50.583],[-127.753,50.607],[-127.731,50.536],[-128.059,50.499],[-128.35,50.697],[-128.242,50.827],[-127.918,50.86],[-127.198,50.64]]],[[[-130.024,55.888],[-130.096,56.11],[-130.413,56.122],[-130.478,56.23],[-130.741,56.341],[-131.576,56.6],[-131.824,56.589],[-131.868,56.792],[-132.105,56.856],[-132.033,57.027],[-132.339,57.079],[-132.231,57.198],[-133.423,58.337],[-133.401,58.41],[-133.822,58.705],[-134.298,58.898],[-134.442,59.086],[-134.946,59.289],[-135.072,59.441],[-135.05,59.579],[-135.475,59.794],[-136.321,59.605],[-136.249,59.533],[-136.278,59.48],[-136.465,59.459],[-136.468,59.28],[-136.58,59.151],[-136.814,59.15],[-137.437,58.903],[-137.52,58.915],[-137.484,58.992],[-137.592,59.226],[-138.632,59.778],[-138.704,59.901],[-139.186,60.084],[-139.078,60.344],[-139.676,60.328],[-139.975,60.183],[-140.454,60.299],[-140.526,60.219],[-141.001,60.301],[-141.001,69.651],[-139.978,69.621],[-139.183,69.515],[-138.128,69.153],[-137.26,68.963],[-136.123,68.882],[-135.259,68.684],[-135.435,68.842],[-135.896,68.927],[-135.925,68.993],[-135.576,69.028],[-135.91,69.111],[-135.691,69.311],[-135.291,69.307],[-135.14,69.469],[-134.456,69.477],[-134.496,69.573],[-134.409,69.682],[-133.88,69.508],[-134.175,69.253],[-133.164,69.434],[-132.84,69.651],[-132.404,69.66],[-132.57,69.698],[-132.537,69.727],[-132.163,69.705],[-131.443,69.918],[-131.137,69.908],[-130.928,70.052],[-130.665,70.126],[-129.945,70.092],[-129.675,70.192],[-129.538,70.106],[-129.65,69.998],[-130.831,69.651],[-131.94,69.535],[-132.332,69.307],[-132.688,69.26],[-133.419,68.844],[-133.196,68.739],[-133.138,68.746],[-133.336,68.835],[-132.577,68.847],[-132.541,68.89],[-132.739,68.922],[-132.771,69.012],[-132.721,69.08],[-131.918,69.29],[-131.788,69.371],[-131.788,69.432],[-131.342,69.436],[-131.324,69.361],[-131.065,69.451],[-130.986,69.363],[-130.971,69.21],[-130.518,69.569],[-130.118,69.72],[-129.11,69.882],[-128.897,69.967],[-128.937,69.875],[-129.157,69.8],[-129.056,69.701],[-128.854,69.752],[-128.386,69.96],[-128.278,70.107],[-127.684,70.26],[-127.972,70.293],[-128.044,70.33],[-127.99,70.363],[-128.17,70.418],[-128.127,70.524],[-127.99,70.574],[-127.227,70.297],[-126.611,69.731],[-126.064,69.467],[-125.729,69.38],[-125.387,69.349],[-125.171,69.429],[-125.344,69.663],[-125.218,69.732],[-125.2,69.83],[-125.078,69.817],[-124.768,69.989],[-124.991,70.026],[-124.556,70.151],[-124.444,70.111],[-124.473,69.918],[-124.408,69.767],[-124.124,69.691],[-124.48,69.425],[-124.34,69.364],[-123.53,69.389],[-123.213,69.541],[-123.026,69.811],[-121.741,69.797],[-120.963,69.661],[-120.139,69.38],[-118.868,69.257],[-118.094,69.043],[-117.226,68.913],[-116.06,68.837],[-116.243,68.974],[-115.441,68.941],[-114.62,68.746],[-113.965,68.399],[-114.098,68.267],[-114.764,68.271],[-115.127,68.132],[-115.189,68.085],[-115.167,68.019],[-115.433,67.903],[-115.135,67.819],[-113.893,67.706],[-112.435,67.684],[-111.29,67.816],[-110.991,67.792],[-110.073,67.993],[-109.63,67.733],[-109.04,67.691],[-108.852,67.422],[-108.716,67.583],[-108.615,67.599],[-108.348,67.403],[-107.988,67.257],[-107.909,67.163],[-107.992,67.095],[-108.222,67.05],[-108.496,67.092],[-107.29,66.401],[-107.711,66.74],[-107.747,66.962],[-107.625,67.003],[-107.157,66.882],[-107.348,67.055],[-107.283,67.104],[-107.567,67.272],[-107.65,67.512],[-107.952,67.7],[-107.96,67.819],[-107.762,67.906],[-107.729,67.958],[-107.798,68.036],[-106.923,68.114],[-106.667,68.217],[-106.426,68.201],[-106.404,68.319],[-105.933,68.443],[-105.749,68.592],[-105.933,68.637],[-106.458,68.517],[-106.61,68.357],[-106.854,68.387],[-107.297,68.297],[-107.618,68.331],[-107.74,68.286],[-107.679,68.203],[-107.733,68.173],[-108.323,68.154],[-108.719,68.297],[-108.345,68.597],[-107.438,68.689],[-106.163,68.92],[-105.684,68.828],[-105.54,68.719],[-105.378,68.413],[-105.101,68.298],[-104.936,68.304],[-104.91,68.25],[-104.655,68.231],[-104.662,68.149],[-104.486,68.062],[-103.902,68.042],[-103.474,68.114],[-102.84,67.852],[-102.322,67.736],[-101.555,67.693],[-100.457,67.84],[-99.032,67.719],[-98.412,67.807],[-98.704,67.965],[-98.718,68.042],[-98.632,68.073],[-97.93,67.71],[-97.455,67.616],[-97.196,67.696],[-97.142,67.797],[-97.548,67.96],[-98.193,67.923],[-98.499,68.118],[-98.38,68.132],[-98.65,68.363],[-98.218,68.318],[-97.793,68.387],[-97.912,68.45],[-97.926,68.524],[-97.412,68.496],[-96.976,68.255],[-96.627,68.25],[-96.432,68.311],[-96.72,68.038],[-95.972,68.25],[-96.198,67.719],[-96.368,67.51],[-96.141,67.272],[-95.72,67.318],[-95.777,67.184],[-95.529,67.21],[-95.417,67.156],[-95.417,67.014],[-95.77,66.967],[-96.216,66.998],[-96.35,67.069],[-96.422,67.036],[-95.885,66.741],[-95.788,66.616],[-95.745,66.691],[-96.036,66.937],[-95.399,66.95],[-95.259,67.262],[-95.464,67.611],[-95.651,67.738],[-95.46,68.021],[-94.744,68.071],[-93.927,68.474],[-93.448,68.62],[-93.642,68.634],[-93.682,68.887],[-93.851,69.0],[-94.064,68.785],[-94.478,68.743],[-94.6,68.804],[-94.564,68.911],[-94.085,69.123],[-94.254,69.151],[-94.254,69.314],[-93.621,69.416],[-93.819,69.253],[-93.747,69.226],[-93.43,69.375],[-93.538,69.382],[-93.531,69.481],[-93.65,69.519],[-94.272,69.455],[-94.632,69.649],[-94.823,69.578],[-95.964,69.804],[-96.551,70.21],[-96.544,70.328],[-96.299,70.512],[-95.878,70.548],[-95.99,70.616],[-95.885,70.694],[-96.26,70.642],[-96.548,70.809],[-96.472,71.069],[-96.526,71.126],[-96.422,71.177],[-96.447,71.239],[-96.062,71.415],[-95.565,71.336],[-95.406,71.491],[-95.774,71.514],[-95.871,71.573],[-95.201,71.904],[-94.611,71.987],[-94.308,71.765],[-93.747,71.743],[-93.761,71.639],[-93.03,71.336],[-92.883,71.069],[-92.904,70.916],[-92.98,70.852],[-92.357,70.635],[-92.048,70.39],[-92.048,70.304],[-91.76,70.326],[-91.565,70.179],[-91.86,70.133],[-92.321,70.236],[-92.512,70.104],[-91.976,70.038],[-92.886,69.668],[-92.31,69.673],[-91.911,69.531],[-91.202,69.646],[-91.151,69.637],[-91.439,69.526],[-90.665,69.515],[-90.417,69.456],[-90.683,69.427],[-90.892,69.267],[-91.058,69.319],[-91.238,69.286],[-90.744,69.106],[-90.478,68.882],[-90.539,68.819],[-90.51,68.689],[-90.575,68.476],[-90.248,68.267],[-89.898,68.491],[-89.898,68.594],[-89.668,69.015],[-89.279,69.255],[-89.056,69.265],[-88.041,68.812],[-87.814,68.345],[-87.893,68.248],[-88.113,68.252],[-88.235,68.338],[-88.347,68.288],[-88.314,67.95],[-88.195,67.766],[-87.501,67.356],[-87.36,67.177],[-86.561,67.483],[-86.399,67.8],[-85.953,68.073],[-85.729,68.444],[-85.69,68.672],[-85.492,68.774],[-84.869,68.774],[-85.107,68.844],[-85.085,68.908],[-84.916,68.962],[-84.862,69.074],[-85.387,69.232],[-85.416,69.548],[-85.503,69.651],[-85.445,69.778],[-85.506,69.845],[-84.318,69.844],[-83.667,69.699],[-82.374,69.642],[-82.497,69.533],[-82.756,69.495],[-82.309,69.41],[-82.227,69.248],[-81.953,69.276],[-81.377,69.186],[-81.33,69.12],[-81.957,68.884],[-81.381,68.851],[-81.251,68.743],[-81.28,68.658],[-81.913,68.458],[-82.209,68.507],[-82.554,68.446],[-82.223,68.146],[-82.014,68.194],[-82.101,68.019],[-82.061,67.929],[-81.294,67.498],[-81.301,67.358],[-81.467,67.069],[-81.924,66.974],[-82.198,66.764],[-83.407,66.372],[-83.591,66.387],[-83.998,66.729],[-84.325,66.781],[-84.361,66.823],[-84.271,66.838],[-84.538,66.972],[-84.847,67.029],[-85.114,66.906],[-85.017,66.871],[-84.739,66.934],[-84.225,66.682],[-83.825,66.29],[-83.796,66.238],[-83.868,66.214],[-84.293,66.292],[-84.477,66.179],[-84.628,66.208],[-85.096,66.325],[-85.441,66.538],[-85.603,66.568],[-86.709,66.523],[-86.687,66.458],[-86.748,66.417],[-86.683,66.361],[-85.999,66.187],[-85.96,66.12],[-86.043,66.023],[-87.079,65.441],[-87.454,65.339],[-87.969,65.349],[-88.743,65.679],[-89.751,65.936],[-89.945,65.934],[-89.848,65.872],[-89.891,65.868],[-91.428,65.948],[-91.04,65.83],[-91.065,65.899],[-90.982,65.918],[-89.923,65.78],[-88.973,65.349],[-87.029,65.198],[-87.029,65.064],[-87.281,64.826],[-88.105,64.184],[-88.818,63.991],[-89.2,64.113],[-89.131,63.969],[-89.617,64.031],[-89.812,64.181],[-90.042,64.141],[-89.855,63.957],[-90.168,63.979],[-90.014,63.804],[-90.154,63.689],[-90.37,63.625],[-90.597,63.662],[-90.813,63.582],[-91.925,63.757],[-91.983,63.823],[-92.195,63.776],[-92.552,63.83],[-93.43,64.03],[-93.696,64.148],[-93.596,64.04],[-93.664,63.941],[-93.56,63.865],[-93.272,63.84],[-93.38,63.948],[-92.156,63.691],[-92.465,63.556],[-91.842,63.698],[-90.971,63.443],[-90.712,63.304],[-90.698,63.064],[-90.777,62.972],[-91.45,62.804],[-92.033,62.863],[-92.361,62.82],[-92.307,62.712],[-91.958,62.644],[-91.936,62.592],[-92.008,62.54],[-92.271,62.587],[-92.552,62.547],[-92.768,62.349],[-92.526,62.169],[-93.207,62.365],[-92.904,62.216],[-93.066,62.15],[-93.016,62.092],[-93.074,62.061],[-93.351,62.03],[-93.275,61.96],[-93.333,61.933],[-93.581,61.941],[-93.311,61.768],[-93.912,61.481],[-93.887,61.344],[-94.085,61.304],[-94.067,61.139],[-94.51,60.605],[-94.762,60.499],[-94.647,60.417],[-94.787,59.954],[-94.787,59.268],[-94.87,59.087],[-94.956,59.068],[-94.776,59.021],[-94.672,58.87],[-94.287,58.716],[-94.334,58.297],[-94.125,58.737],[-93.779,58.773],[-93.178,58.726],[-93.099,58.49],[-92.433,57.32],[-92.613,57.039],[-92.8,56.922],[-92.458,57.037],[-92.303,57.046],[-92.357,56.971],[-91.112,57.242],[-90.593,57.225],[-89.79,56.981],[-88.825,56.815],[-88.077,56.468],[-87.483,56.021],[-85.675,55.601],[-85.218,55.35],[-85.366,55.079],[-85.06,55.285],[-83.911,55.315],[-82.986,55.232],[-82.392,55.068],[-82.219,54.813],[-82.425,54.244],[-82.241,54.044],[-82.14,53.818],[-82.191,53.61],[-82.158,53.265],[-82.291,53.03],[-81.6,52.433],[-81.611,52.324],[-81.827,52.225],[-81.467,52.204],[-80.657,51.758],[-80.445,51.388],[-80.851,51.124],[-80.477,51.306],[-80.103,51.282],[-79.836,51.173],[-79.347,50.763],[-79.714,51.117],[-79.689,51.346],[-79.498,51.57],[-79.296,51.622],[-79.264,51.551],[-79.041,51.464],[-78.904,51.201],[-78.857,51.385],[-78.731,51.497],[-78.983,51.775],[-78.447,52.261],[-78.526,52.31],[-78.558,52.492],[-78.745,52.655],[-78.72,52.857],[-78.897,53.044],[-79.102,53.657],[-79.041,53.818],[-78.943,53.841],[-79.077,53.933],[-79.008,54.023],[-79.242,54.1],[-79.145,54.169],[-79.357,54.263],[-79.599,54.601],[-79.714,54.673],[-78.475,55.011],[-77.777,55.291],[-77.165,55.664],[-76.762,55.997],[-76.546,56.358],[-76.524,56.891],[-76.575,57.181],[-76.891,57.757],[-77.158,58.02],[-78.465,58.603],[-78.515,58.683],[-78.432,58.901],[-77.759,59.381],[-77.86,59.476],[-77.748,59.558],[-77.727,59.676],[-77.349,59.579],[-77.485,59.684],[-77.331,59.797],[-77.374,59.926],[-77.291,60.021],[-77.586,60.089],[-77.453,60.146],[-77.68,60.427],[-77.503,60.542],[-77.791,60.639],[-77.604,60.825],[-78.18,60.82],[-77.73,61.207],[-77.737,61.438],[-77.514,61.556],[-78.022,61.832],[-78.137,62.108],[-78.133,62.281],[-77.899,62.427],[-77.374,62.573],[-76.881,62.525],[-75.675,62.25],[-75.79,62.179],[-75.34,62.313],[-74.634,62.115],[-74.688,62.184],[-74.645,62.21],[-73.705,62.472],[-72.881,62.125],[-72.687,62.125],[-72.633,62.028],[-72.773,61.841],[-72.507,61.922],[-72.226,61.832],[-72.039,61.681],[-72.215,61.587],[-71.866,61.688],[-71.639,61.617],[-71.621,61.573],[-71.855,61.44],[-71.646,61.413],[-71.743,61.337],[-71.423,61.158],[-70.725,61.056],[-70.278,61.068],[-70.159,61.021],[-70.095,60.881],[-69.994,60.856],[-69.709,60.915],[-69.623,61.049],[-69.472,61.011],[-69.403,60.848],[-69.641,60.69],[-69.752,60.488],[-69.742,60.332],[-69.634,60.221],[-69.673,60.075],[-69.961,60.018],[-70.656,60.026],[-69.734,59.919],[-69.58,59.676],[-69.691,59.488],[-69.68,59.342],[-69.346,59.303],[-69.45,59.179],[-69.414,59.087],[-69.533,58.869],[-69.648,58.822],[-69.785,58.955],[-69.868,58.856],[-70.156,58.761],[-69.788,58.69],[-69.27,58.884],[-68.698,58.905],[-68.381,58.744],[-68.23,58.485],[-68.356,58.164],[-68.467,58.077],[-69.04,57.903],[-68.413,58.053],[-68.176,58.403],[-68.021,58.485],[-67.888,58.296],[-68.064,58.139],[-67.754,58.405],[-67.679,57.992],[-67.571,58.214],[-66.721,58.492],[-66.361,58.79],[-66.091,58.658],[-66.001,58.431],[-65.922,58.572],[-66.044,58.82],[-65.854,58.846],[-65.922,58.915],[-65.843,58.978],[-65.702,58.971],[-65.72,59.023],[-65.382,59.059],[-65.641,59.127],[-65.699,59.214],[-65.609,59.214],[-65.512,59.351],[-65.411,59.315],[-65.476,59.471],[-65.036,59.388],[-65.407,59.539],[-65.486,59.648],[-65.432,59.776],[-65.288,59.818],[-65.029,59.771],[-65.159,59.83],[-65.173,59.908],[-64.817,60.33],[-64.5,60.268],[-64.421,60.172],[-64.77,60.013],[-64.284,60.065],[-64.183,59.973],[-64.226,59.742],[-64.057,59.823],[-63.751,59.513],[-63.946,59.381],[-63.78,59.349],[-63.776,59.276],[-63.539,59.332],[-63.416,59.195],[-63.647,59.079],[-63.971,59.054],[-63.247,59.068],[-63.308,59.026],[-63.215,58.928],[-63.283,58.867],[-63.049,58.879],[-62.873,58.672],[-63.391,58.452],[-63.539,58.33],[-63.211,58.467],[-63.132,58.41],[-62.606,58.497],[-62.675,58.32],[-62.812,58.2],[-63.262,58.014],[-62.488,58.153],[-62.304,57.973],[-61.958,57.912],[-61.901,57.862],[-61.994,57.77],[-61.93,57.669],[-61.969,57.612],[-62.495,57.488],[-61.922,57.421],[-61.85,57.37],[-61.976,57.249],[-61.627,57.183],[-61.332,57.011],[-61.372,56.681],[-62.063,56.698],[-62.383,56.787],[-62.297,56.832],[-62.498,56.801],[-61.739,56.527],[-62.009,56.454],[-61.94,56.424],[-61.426,56.36],[-61.706,56.289],[-61.714,56.232],[-61.364,56.216],[-61.3,56.047],[-61.451,55.995],[-61.188,55.955],[-61.091,55.867],[-60.742,55.942],[-60.562,55.726],[-60.475,55.804],[-60.342,55.785],[-60.407,55.65],[-60.191,55.482],[-60.616,55.06],[-60.212,55.237],[-59.759,55.31],[-59.69,55.197],[-59.438,55.176],[-59.838,54.813],[-59.258,55.2],[-58.996,55.15],[-58.78,54.839],[-58.398,54.773],[-58.196,54.865],[-57.962,54.876],[-57.93,54.773],[-57.826,54.719],[-57.404,54.591],[-57.7,54.386],[-58.15,54.35],[-58.434,54.228],[-58.632,54.049],[-58.92,54.034],[-59.496,53.834],[-59.824,53.834],[-60.058,53.733],[-60.144,53.596],[-60.396,53.654],[-60.101,53.487],[-60.292,53.391],[-60.252,53.343],[-60.331,53.266],[-60.148,53.306],[-59.831,53.504],[-59.323,53.643],[-58.654,53.978],[-57.93,54.103],[-58.319,54.114],[-58.362,54.155],[-58.312,54.202],[-57.415,54.162],[-57.134,53.792],[-57.523,53.612],[-57.419,53.584],[-57.332,53.47],[-56.839,53.739],[-56.526,53.766],[-56.353,53.624],[-56.108,53.588],[-55.964,53.471],[-55.799,53.213],[-55.892,53.001],[-55.831,52.878],[-55.871,52.735],[-55.802,52.643],[-56.324,52.544],[-55.745,52.475],[-55.705,52.428],[-55.777,52.364],[-56.011,52.395],[-55.673,52.19],[-56.018,51.93],[-56.976,51.458],[-57.462,51.47],[-58.024,51.322],[-58.51,51.294],[-59.165,50.78],[-59.816,50.418],[-59.885,50.317],[-60.079,50.254],[-60.806,50.249],[-61.724,50.103],[-61.919,50.234],[-62.714,50.301],[-63.136,50.294],[-63.24,50.242],[-63.856,50.315],[-64.169,50.27],[-65.267,50.32],[-65.764,50.26],[-65.954,50.294],[-66.127,50.201],[-66.412,50.225],[-66.941,49.994],[-67.373,49.348],[-68.284,49.197],[-68.219,49.15],[-68.543,49.057],[-68.928,48.829],[-69.374,48.387],[-69.673,48.199],[-71.02,48.456],[-70.84,48.367],[-70.501,48.354],[-69.972,48.206],[-69.774,48.098],[-69.994,47.741],[-70.447,47.423],[-70.707,47.14],[-71.268,46.796],[-71.88,46.687],[-72.204,46.559],[-72.679,46.288],[-72.982,46.21],[-73.475,45.737],[-73.713,45.711],[-74.037,45.501],[-74.314,45.531],[-74.001,45.434],[-73.975,45.345],[-74.71,45.003],[-74.998,44.97],[-75.401,44.772],[-76.463,44.057],[-76.819,43.628],[-78.846,43.583],[-79.17,43.467],[-79.059,43.277],[-79.026,43.017],[-78.915,42.909],[-79.037,42.802],[-80.247,42.366],[-81.276,42.21],[-82.439,41.675],[-82.691,41.675],[-83.029,41.833],[-83.141,41.975],[-83.148,42.142],[-83.073,42.3],[-82.547,42.625],[-82.407,43.073],[-82.137,43.571],[-82.551,45.347],[-83.591,45.817],[-83.469,45.994],[-83.616,46.118],[-83.976,46.085],[-84.088,46.227],[-84.149,46.543],[-84.563,46.458],[-84.779,46.637],[-84.876,46.9],[-88.379,48.303],[-89.455,47.996],[-89.902,47.996],[-90.093,48.117],[-90.744,48.105],[-90.917,48.209],[-91.518,48.058],[-92.004,48.301],[-92.174,48.338],[-92.415,48.277],[-92.501,48.435],[-92.998,48.612],[-93.38,48.617],[-93.707,48.525],[-94.056,48.659],[-94.622,48.742],[-94.805,49.003],[-94.856,49.305],[-95.154,49.369],[-95.162,48.992],[-122.788,48.992],[-122.961,49.074],[-123.076,48.98],[-123.08,49.131],[-123.181,49.13],[-123.231,49.26],[-122.947,49.293],[-122.878,49.399],[-123.015,49.322],[-123.278,49.345],[-123.188,49.68],[-123.325,49.577],[-123.335,49.459],[-123.53,49.397],[-123.893,49.494],[-124.03,49.603],[-123.994,49.735],[-123.818,49.586],[-123.584,49.682],[-123.764,49.659],[-123.875,49.737],[-123.904,49.982],[-123.785,50.088],[-123.825,50.145],[-123.947,50.183],[-123.865,50.072],[-123.983,49.876],[-124.282,49.772],[-124.484,49.808],[-124.783,50.02],[-125.056,50.419],[-124.862,50.638],[-124.858,50.872],[-125.06,50.513],[-125.477,50.497],[-125.539,50.649],[-125.643,50.466],[-126.093,50.497],[-126.406,50.53],[-126.446,50.588],[-125.906,50.704],[-126.514,50.68],[-126.374,50.838],[-126.521,50.866],[-126.518,51.056],[-126.633,50.916],[-127.058,50.867],[-127.357,50.945],[-127.709,51.152],[-127.688,51.343],[-127.421,51.609],[-126.691,51.704],[-127.339,51.707],[-127.443,51.68],[-127.645,51.478],[-127.713,51.49],[-127.868,51.775],[-127.727,51.994],[-127.857,51.99],[-127.796,52.192],[-127.241,52.395],[-126.712,52.06],[-126.939,52.308],[-127.126,52.371],[-127.195,52.457],[-127.187,52.537],[-126.95,52.721],[-127.018,52.843],[-127.065,52.652],[-127.519,52.358],[-127.835,52.251],[-128.102,51.789],[-128.192,51.999],[-128.357,52.159],[-128.037,52.319],[-128.051,52.454],[-127.94,52.546],[-128.271,52.364],[-128.051,52.911],[-128.365,52.825],[-128.451,52.876],[-128.523,53.141],[-128.653,53.244],[-129.081,53.367],[-129.171,53.534],[-129.02,53.692],[-128.854,53.704],[-128.905,53.56],[-128.541,53.421],[-128.134,53.417],[-127.929,53.275],[-128.206,53.483],[-128.512,53.476],[-128.674,53.555],[-128.764,53.747],[-128.534,53.858],[-128.703,53.919],[-128.959,53.841],[-129.207,53.641],[-129.257,53.417],[-129.563,53.251],[-129.823,53.412],[-129.913,53.551],[-130.334,53.725],[-130.086,53.976],[-130.042,54.133],[-129.625,54.23],[-130.086,54.181],[-130.291,54.27],[-130.431,54.421],[-130.352,54.655],[-130.219,54.73],[-129.891,55.164],[-129.56,55.462],[-129.7,55.438],[-129.794,55.56],[-129.837,55.318],[-130.05,55.058],[-130.093,55.108],[-129.985,55.358],[-130.096,55.695],[-130.024,55.888]]],[[[-110.408,78.756],[-109.468,78.567],[-109.342,78.456],[-109.353,78.369],[-109.486,78.317],[-110.419,78.294],[-111.171,78.386],[-111.517,78.275],[-112.132,78.366],[-113.173,78.284],[-113.291,78.334],[-112.856,78.466],[-111.707,78.574],[-110.879,78.735],[-110.408,78.756]]],[[[-110.458,78.103],[-109.619,78.057],[-109.77,77.958],[-110.865,77.834],[-110.152,77.763],[-110.116,77.624],[-110.199,77.525],[-111.952,77.345],[-112.373,77.364],[-113.165,77.531],[-113.209,77.581],[-113.122,77.633],[-113.284,77.814],[-113.187,77.912],[-112.305,78.006],[-110.458,78.103]]],[[[-116.51,77.548],[-115.469,77.308],[-116.33,77.136],[-115.811,76.939],[-116.254,76.902],[-115.945,76.711],[-116.222,76.61],[-116.999,76.532],[-117.046,76.373],[-117.233,76.282],[-117.493,76.272],[-117.993,76.406],[-117.964,76.574],[-117.781,76.784],[-117.881,76.805],[-118.299,76.737],[-118.468,76.548],[-118.792,76.513],[-118.799,76.465],[-118.623,76.366],[-118.994,76.145],[-119.167,76.126],[-119.581,76.326],[-119.649,76.281],[-119.638,76.157],[-119.739,76.117],[-119.548,76.051],[-119.537,75.982],[-119.912,75.859],[-120.409,75.826],[-120.563,76.008],[-120.848,76.183],[-121.021,76.02],[-121.215,75.984],[-121.91,76.034],[-122.399,75.944],[-122.641,76.01],[-122.547,76.081],[-122.594,76.163],[-122.903,76.135],[-122.425,76.39],[-121.561,76.454],[-121.103,76.661],[-120.484,76.793],[-120.311,76.904],[-119.091,77.305],[-118.004,77.381],[-117.417,77.317],[-116.845,77.34],[-116.704,77.38],[-117.039,77.465],[-116.51,77.548]]],[[[-108.406,76.084],[-107.852,76.058],[-107.722,75.996],[-108.021,75.805],[-107.542,75.9],[-107.214,75.892],[-107.049,75.845],[-106.912,75.68],[-106.89,75.782],[-106.692,75.81],[-106.862,75.93],[-106.678,76.024],[-106.397,76.06],[-105.904,76.01],[-105.605,75.93],[-105.483,75.703],[-105.861,75.192],[-106.091,75.09],[-107.153,74.927],[-107.819,74.999],[-108.474,74.947],[-108.752,74.993],[-108.633,75.024],[-108.831,75.065],[-109.504,74.883],[-110.386,74.814],[-110.941,74.638],[-112.521,74.416],[-113.515,74.43],[-114.379,74.671],[-114.134,74.767],[-112.838,74.975],[-111.671,75.02],[-111.034,75.227],[-111.182,75.26],[-112.215,75.133],[-112.597,75.211],[-112.953,75.107],[-113.713,75.069],[-113.846,75.112],[-113.853,75.26],[-113.468,75.416],[-113.878,75.376],[-114.015,75.433],[-114.17,75.239],[-114.515,75.275],[-114.357,75.171],[-114.451,75.088],[-115.019,74.977],[-115.412,75.116],[-115.729,74.968],[-116.477,75.171],[-117.007,75.156],[-117.503,75.204],[-117.601,75.272],[-117.259,75.459],[-116.078,75.492],[-115.142,75.678],[-116.427,75.586],[-117.165,75.645],[-116.801,75.772],[-114.991,75.897],[-116.337,75.881],[-116.665,75.958],[-116.549,76.017],[-116.593,76.097],[-116.211,76.194],[-114.778,76.173],[-115.833,76.296],[-115.581,76.437],[-114.998,76.498],[-114.195,76.451],[-114.058,76.301],[-113.824,76.206],[-113.173,76.258],[-112.697,76.202],[-111.866,75.939],[-112.057,75.834],[-111.549,75.822],[-111.275,75.612],[-111.052,75.548],[-109.086,75.506],[-108.946,75.541],[-108.917,75.675],[-109.796,75.862],[-109.871,75.928],[-109.454,76.022],[-109.432,76.109],[-110.203,76.289],[-110.311,76.397],[-109.338,76.76],[-108.831,76.821],[-108.467,76.737],[-108.629,76.586],[-108.514,76.439],[-108.194,76.329],[-108.122,76.234],[-108.406,76.084]]],[[[-114.523,72.593],[-113.579,72.652],[-113.5,72.694],[-113.45,72.862],[-113.075,72.996],[-112.049,72.888],[-111.268,72.713],[-111.355,72.573],[-111.895,72.356],[-111.675,72.3],[-111.311,72.454],[-111.254,72.449],[-111.268,72.364],[-111.139,72.366],[-110.782,72.534],[-110.206,72.661],[-110.199,72.758],[-110.555,72.861],[-110.689,72.944],[-110.66,73.008],[-110.008,72.984],[-109.122,72.727],[-108.968,72.654],[-108.993,72.597],[-108.755,72.552],[-108.186,71.724],[-107.812,71.626],[-107.348,71.819],[-107.376,71.887],[-107.304,71.895],[-107.697,72.149],[-108.237,73.151],[-107.934,73.217],[-108.078,73.281],[-108.028,73.349],[-107.114,73.192],[-106.952,73.276],[-106.484,73.196],[-105.814,73.01],[-105.414,72.788],[-105.234,72.415],[-104.878,71.981],[-104.385,71.578],[-104.356,71.382],[-104.565,71.132],[-104.514,71.064],[-103.586,70.632],[-103.078,70.508],[-103.002,70.541],[-103.082,70.62],[-103.049,70.654],[-101.991,70.284],[-101.642,70.265],[-101.562,70.135],[-101.091,70.135],[-100.972,70.029],[-100.907,69.812],[-100.936,69.715],[-101.044,69.668],[-101.336,69.71],[-101.483,69.85],[-101.649,69.698],[-102.236,69.842],[-102.596,69.719],[-102.534,69.621],[-102.621,69.552],[-103.434,69.668],[-103.416,69.611],[-103.049,69.472],[-103.121,69.205],[-102.448,69.475],[-102.153,69.488],[-101.98,69.425],[-102.066,69.337],[-102.045,69.258],[-101.789,69.182],[-101.858,69.024],[-102.894,68.824],[-103.467,68.809],[-104.352,68.929],[-104.572,68.871],[-105.105,68.92],[-105.17,68.955],[-105.018,69.081],[-106.142,69.161],[-106.34,69.224],[-106.343,69.34],[-106.419,69.413],[-106.66,69.439],[-107.034,69.18],[-107.441,69.002],[-108.366,68.936],[-109.472,68.677],[-113.021,68.481],[-113.23,68.535],[-113.554,68.767],[-113.695,69.194],[-114.325,69.269],[-115.617,69.283],[-116.513,69.425],[-117.104,69.804],[-117.194,70.054],[-116.553,70.175],[-114.591,70.312],[-112.636,70.225],[-111.632,70.309],[-112.114,70.448],[-113.756,70.691],[-115.991,70.587],[-117.586,70.63],[-118.378,70.968],[-117.813,71.158],[-115.891,71.382],[-116.045,71.423],[-115.981,71.47],[-115.304,71.494],[-115.588,71.547],[-117.935,71.392],[-118.227,71.467],[-117.878,71.56],[-117.741,71.659],[-118.583,71.649],[-118.868,71.687],[-118.987,71.764],[-118.943,71.986],[-118.591,72.168],[-118.213,72.264],[-118.483,72.428],[-118.375,72.534],[-117.55,72.831],[-116.575,73.055],[-114.638,73.373],[-114.206,73.298],[-114.051,73.071],[-114.076,72.908],[-114.523,72.593]]],[[[-119.735,74.112],[-119.473,74.201],[-119.206,74.197],[-119.116,74.015],[-118.544,74.244],[-117.514,74.232],[-115.635,73.666],[-115.394,73.501],[-115.523,73.416],[-118.961,72.684],[-119.512,72.303],[-120.178,72.213],[-120.445,71.632],[-120.621,71.507],[-121.471,71.389],[-121.748,71.444],[-122.158,71.265],[-122.839,71.097],[-123.094,71.093],[-123.314,71.17],[-123.681,71.493],[-124.009,71.677],[-125.297,71.974],[-125.845,71.979],[-125.762,72.137],[-125.585,72.184],[-125.629,72.255],[-124.988,72.588],[-125.031,72.645],[-124.97,72.843],[-124.567,72.944],[-124.588,73.005],[-124.819,73.059],[-124.804,73.126],[-124.423,73.418],[-124.113,73.527],[-124.03,73.644],[-123.796,73.769],[-124.192,73.902],[-124.696,74.348],[-121.503,74.545],[-119.944,74.253],[-119.563,74.232],[-119.735,74.112]]],[[[-69.49,83.016],[-66.422,82.926],[-66.836,82.818],[-68.471,82.653],[-67.398,82.667],[-65.728,82.843],[-65.299,82.799],[-65.112,82.89],[-64.903,82.9],[-64.504,82.778],[-63.985,82.829],[-63.499,82.792],[-63.643,82.713],[-63.085,82.565],[-63.247,82.45],[-62.477,82.52],[-61.696,82.489],[-61.476,82.468],[-61.206,82.341],[-62.178,82.044],[-64.435,81.742],[-65.227,81.744],[-65.702,81.645],[-66.624,81.617],[-66.916,81.485],[-68.687,81.292],[-68.723,81.261],[-68.543,81.247],[-65.735,81.494],[-64.781,81.492],[-65.483,81.286],[-68.629,80.678],[-69.551,80.383],[-70.145,80.398],[-70.714,80.539],[-70.213,80.277],[-70.264,80.233],[-72.057,80.122],[-71.617,80.07],[-70.757,80.119],[-70.559,80.07],[-71.355,79.911],[-71.11,79.848],[-71.387,79.761],[-72.438,79.694],[-73.45,79.827],[-74.393,79.874],[-74.659,79.836],[-73.471,79.756],[-73.201,79.596],[-73.468,79.496],[-75.502,79.414],[-76.899,79.513],[-75.603,79.239],[-74.483,79.23],[-74.533,79.053],[-75.232,79.036],[-75.912,79.117],[-78.583,79.076],[-77.881,78.942],[-76.254,79.006],[-75.793,78.89],[-75.099,78.859],[-74.433,78.725],[-74.548,78.621],[-74.879,78.544],[-76.416,78.511],[-75.192,78.327],[-75.552,78.221],[-75.97,77.992],[-76.974,77.928],[-78.011,77.945],[-78.083,77.846],[-78.076,77.518],[-78.493,77.369],[-80.574,77.315],[-81.658,77.525],[-81.276,77.366],[-82.057,77.296],[-81.755,77.204],[-81.118,77.27],[-80.218,77.147],[-79.498,77.195],[-79.339,77.159],[-79.275,77.025],[-79.318,76.98],[-79.221,76.937],[-78.792,76.883],[-78.288,76.978],[-78.0,76.852],[-77.982,76.755],[-78.285,76.571],[-79.512,76.31],[-80.801,76.173],[-80.995,76.215],[-80.833,76.369],[-80.974,76.47],[-81.719,76.494],[-82.036,76.63],[-82.529,76.723],[-82.263,76.574],[-82.234,76.466],[-83.886,76.452],[-84.225,76.675],[-84.275,76.357],[-85.143,76.305],[-85.679,76.348],[-86.115,76.435],[-86.453,76.584],[-86.68,76.376],[-87.353,76.447],[-87.49,76.586],[-87.497,76.387],[-88.397,76.406],[-88.494,76.774],[-88.613,76.65],[-88.545,76.421],[-89.571,76.492],[-89.499,76.827],[-88.555,77.072],[-86.813,77.185],[-87.681,77.437],[-88.095,77.72],[-88.015,77.784],[-87.234,77.892],[-86.755,77.864],[-86.172,77.746],[-85.589,77.461],[-84.487,77.367],[-83.609,77.442],[-82.903,77.732],[-82.594,77.992],[-83.429,77.621],[-83.778,77.532],[-84.487,77.562],[-84.862,77.499],[-85.29,77.558],[-85.29,77.763],[-85.546,77.928],[-84.617,78.195],[-84.221,78.176],[-84.549,78.251],[-84.909,78.239],[-84.783,78.527],[-85.024,78.312],[-85.585,78.11],[-86.219,78.081],[-85.92,78.343],[-86.914,78.126],[-87.551,78.176],[-87.49,78.418],[-86.809,78.774],[-85.002,78.912],[-83.271,78.77],[-82.99,78.845],[-82.151,78.864],[-81.751,78.977],[-82.439,78.904],[-84.412,78.996],[-84.567,79.072],[-84.257,79.122],[-83.577,79.053],[-84.196,79.225],[-85.269,79.664],[-86.032,79.721],[-86.421,79.845],[-86.493,80.018],[-86.615,80.124],[-86.5,80.258],[-86.305,80.319],[-83.724,80.228],[-82.677,79.992],[-81.687,79.687],[-80.477,79.607],[-80.124,79.669],[-81.01,79.694],[-82.68,80.174],[-82.986,80.322],[-80.981,80.445],[-78.385,80.784],[-76.863,80.865],[-78.717,80.952],[-78.63,81.044],[-78.288,81.167],[-76.884,81.43],[-77.971,81.331],[-78.735,81.152],[-79.199,81.117],[-79.761,80.841],[-81.006,80.655],[-82.885,80.577],[-82.223,80.772],[-82.5,80.763],[-83.4,80.714],[-84.221,80.537],[-85.146,80.522],[-86.615,80.629],[-86.251,80.789],[-85.247,80.989],[-83.35,81.103],[-83.289,81.148],[-85.78,81.036],[-87.331,80.669],[-87.713,80.657],[-89.063,80.829],[-89.265,80.914],[-88.411,80.999],[-86.478,81.036],[-84.941,81.286],[-85.402,81.286],[-87.274,81.081],[-89.625,81.032],[-89.981,81.124],[-89.949,81.173],[-89.207,81.251],[-89.675,81.329],[-89.427,81.388],[-88.62,81.501],[-87.598,81.525],[-88.48,81.565],[-90.305,81.402],[-90.608,81.43],[-89.823,81.634],[-90.626,81.655],[-91.292,81.572],[-91.684,81.636],[-90.942,81.827],[-89.38,81.917],[-88.062,82.096],[-87.637,82.086],[-87.018,81.959],[-86.626,82.051],[-85.647,81.954],[-85.045,81.983],[-86.615,82.218],[-84.898,82.449],[-83.591,82.327],[-82.633,82.077],[-82.327,82.093],[-82.749,82.197],[-82.536,82.247],[-79.426,81.855],[-80.131,82.029],[-81.467,82.192],[-82.446,82.395],[-82.27,82.464],[-81.679,82.518],[-82.119,82.629],[-80.808,82.586],[-81.179,82.745],[-81.01,82.778],[-78.749,82.68],[-79.833,82.817],[-80.157,82.91],[-79.887,82.938],[-77.478,82.883],[-76.009,82.535],[-75.567,82.608],[-77.125,83.009],[-74.415,83.013],[-73.273,82.772],[-72.658,82.721],[-73.234,82.844],[-73.439,82.945],[-72.813,83.081],[-72.071,83.107],[-70.941,82.902],[-71.423,83.022],[-70.872,83.098],[-69.968,83.115],[-69.49,83.016]]],[[[-95.486,77.793],[-93.47,77.765],[-93.128,77.661],[-93.34,77.629],[-93.545,77.466],[-93.837,77.452],[-95.986,77.484],[-96.278,77.631],[-96.144,77.715],[-95.486,77.793]]],[[[-93.542,75.027],[-93.462,74.857],[-93.574,74.67],[-94.535,74.637],[-95.288,74.795],[-95.867,74.831],[-96.094,74.932],[-96.296,74.927],[-96.386,74.999],[-96.558,74.991],[-96.598,75.058],[-96.382,75.211],[-96.18,75.241],[-96.126,75.359],[-95.954,75.444],[-94.877,75.63],[-94.427,75.593],[-93.909,75.423],[-93.498,75.137],[-93.542,75.027]]],[[[-100.004,73.946],[-99.158,73.732],[-97.671,73.888],[-97.113,73.791],[-97.001,73.666],[-97.628,73.503],[-97.35,73.48],[-97.232,73.421],[-97.271,73.387],[-97.797,73.286],[-98.376,73.045],[-98.43,72.958],[-97.635,73.027],[-97.329,72.937],[-97.379,72.864],[-97.084,72.763],[-97.127,72.628],[-96.54,72.699],[-96.447,72.552],[-96.472,72.434],[-96.803,72.323],[-96.594,72.204],[-96.767,72.047],[-96.623,71.968],[-96.612,71.833],[-97.581,71.63],[-98.182,71.663],[-98.283,71.715],[-98.322,71.852],[-98.459,71.774],[-98.232,71.559],[-98.2,71.441],[-98.664,71.302],[-99.168,71.368],[-99.734,71.757],[-100.594,72.152],[-100.983,72.21],[-101.21,72.317],[-101.724,72.316],[-101.973,72.486],[-102.401,72.595],[-102.707,72.765],[-102.552,72.979],[-102.203,73.078],[-101.922,73.057],[-101.274,72.722],[-100.486,72.772],[-100.396,72.977],[-100.13,72.906],[-100.097,72.963],[-100.238,73.095],[-100.533,73.138],[-100.536,73.197],[-100.342,73.265],[-99.824,73.213],[-100.367,73.359],[-100.889,73.276],[-101.523,73.486],[-101.325,73.572],[-100.976,73.6],[-100.522,73.449],[-100.608,73.576],[-100.9,73.658],[-100.986,73.765],[-100.482,73.843],[-99.993,73.795],[-99.914,73.847],[-100.227,73.888],[-100.004,73.946]]],[[[-84.919,65.26],[-84.502,65.458],[-84.084,65.217],[-83.49,65.132],[-83.224,64.969],[-82.669,64.78],[-82.05,64.644],[-81.787,64.425],[-81.676,64.212],[-81.679,64.146],[-81.888,64.016],[-81.337,64.077],[-81.024,64.031],[-80.83,64.09],[-80.571,63.932],[-80.668,63.901],[-80.261,63.802],[-81.046,63.462],[-82.378,63.707],[-82.468,63.927],[-83.033,64.023],[-83.015,64.127],[-83.065,64.16],[-83.303,64.144],[-83.584,64.057],[-83.728,63.813],[-84.307,63.585],[-84.631,63.309],[-85.391,63.12],[-85.495,63.139],[-85.769,63.7],[-86.575,63.662],[-86.914,63.57],[-87.177,63.596],[-87.155,63.715],[-86.932,63.901],[-86.251,64.137],[-86.374,64.566],[-86.187,65.01],[-86.075,65.533],[-85.812,65.832],[-85.553,65.918],[-85.24,65.795],[-85.107,65.623],[-85.24,65.51],[-85.056,65.438],[-84.919,65.26]]],[[[-97.7,76.466],[-97.739,76.334],[-97.53,76.182],[-97.53,76.109],[-97.649,75.979],[-97.602,75.852],[-97.89,75.76],[-97.408,75.673],[-97.336,75.42],[-97.653,75.508],[-97.88,75.416],[-97.854,75.26],[-97.66,75.15],[-97.844,75.121],[-98.07,75.199],[-97.952,75.06],[-97.991,75.046],[-100.234,75.008],[-100.482,75.189],[-100.144,75.246],[-100.731,75.347],[-100.713,75.406],[-100.281,75.461],[-99.755,75.633],[-99.194,75.699],[-102.542,75.513],[-102.797,75.6],[-102.254,75.777],[-102.146,75.874],[-101.26,75.758],[-100.972,75.798],[-101.289,75.789],[-101.505,75.918],[-101.433,75.992],[-101.717,76.008],[-101.872,76.083],[-101.559,76.235],[-102.138,76.284],[-101.789,76.451],[-101.339,76.411],[-101.138,76.345],[-101.055,76.246],[-99.867,75.925],[-99.69,75.959],[-100.112,76.117],[-99.543,76.147],[-100.414,76.242],[-99.978,76.312],[-100.889,76.475],[-100.572,76.584],[-100.068,76.635],[-99.669,76.624],[-99.168,76.454],[-98.891,76.466],[-99.024,76.614],[-98.711,76.694],[-97.7,76.466]]],[[[-103.427,79.315],[-102.916,79.232],[-102.653,79.095],[-102.729,78.97],[-102.596,78.944],[-102.578,78.879],[-102.426,78.933],[-102.394,79.01],[-101.703,79.079],[-101.037,78.938],[-101.127,78.801],[-100.436,78.82],[-100.014,78.728],[-99.582,78.563],[-99.849,78.438],[-99.752,78.303],[-99.132,78.117],[-98.999,77.998],[-99.165,77.857],[-99.957,77.794],[-100.587,77.892],[-100.76,77.978],[-100.824,78.088],[-101.073,78.194],[-102.056,78.279],[-102.606,78.249],[-102.772,78.307],[-102.732,78.371],[-103.946,78.26],[-104.514,78.294],[-104.878,78.402],[-104.997,78.518],[-104.727,78.579],[-103.571,78.539],[-103.481,78.595],[-104.021,78.635],[-103.373,78.737],[-104.183,78.78],[-103.877,78.902],[-104.151,78.991],[-104.896,78.808],[-104.968,78.857],[-104.748,79.027],[-105.537,79.032],[-105.58,79.114],[-105.389,79.324],[-103.427,79.315]]],[[[-92.213,81.244],[-91.274,80.85],[-90.683,80.688],[-90.644,80.593],[-89.862,80.499],[-89.236,80.511],[-89.135,80.44],[-89.203,80.407],[-89.146,80.36],[-89.2,80.263],[-88.858,80.166],[-88.199,80.112],[-88.379,80.225],[-88.613,80.256],[-88.663,80.348],[-88.523,80.418],[-87.673,80.372],[-87.627,80.187],[-87.922,80.098],[-87.202,80.043],[-86.979,79.895],[-87.144,79.662],[-87.295,79.581],[-86.338,79.635],[-86.179,79.605],[-86.007,79.48],[-85.647,79.612],[-85.042,79.284],[-86.957,78.975],[-87.079,78.866],[-87.616,78.676],[-87.922,78.751],[-87.961,78.893],[-87.828,79.046],[-88.041,78.996],[-88.163,78.933],[-88.167,78.746],[-88.253,78.673],[-88.005,78.616],[-87.983,78.537],[-88.149,78.477],[-88.581,78.602],[-88.743,78.584],[-88.606,78.392],[-88.789,78.192],[-89.095,78.209],[-90.039,78.607],[-90.075,78.55],[-89.491,78.171],[-90.46,78.331],[-90.651,78.308],[-90.327,78.185],[-91.41,78.188],[-92.35,78.313],[-92.847,78.459],[-91.868,78.543],[-93.268,78.609],[-93.635,78.751],[-93.16,78.775],[-93.902,78.872],[-94.168,78.973],[-93.293,79.14],[-92.685,79.185],[-92.548,79.282],[-91.299,79.372],[-92.249,79.374],[-92.822,79.451],[-93.934,79.291],[-94.11,79.315],[-93.941,79.386],[-94.11,79.402],[-95.104,79.289],[-95.734,79.418],[-95.662,79.527],[-94.521,79.668],[-94.402,79.737],[-95.298,79.654],[-95.856,79.675],[-96.461,79.848],[-96.774,80.136],[-94.647,80.049],[-94.582,80.141],[-94.262,80.195],[-95.406,80.135],[-95.648,80.232],[-96.026,80.221],[-96.393,80.315],[-96.112,80.381],[-95.55,80.367],[-96.152,80.553],[-96.134,80.692],[-95.928,80.721],[-95.226,80.687],[-94.892,80.57],[-93.927,80.56],[-95.514,80.838],[-95.27,81.001],[-93.236,81.129],[-93.408,81.209],[-94.193,81.24],[-94.233,81.315],[-94.179,81.339],[-93.034,81.346],[-92.213,81.244]]],[[[-95.849,77.067],[-93.812,76.914],[-93.21,76.755],[-93.2,76.669],[-93.534,76.447],[-92.994,76.621],[-91.306,76.68],[-90.543,76.496],[-91.4,76.51],[-91.414,76.456],[-89.286,76.301],[-89.218,76.258],[-89.405,76.189],[-90.312,76.157],[-91.407,76.22],[-90.712,76.076],[-90.251,76.053],[-89.697,75.854],[-89.279,75.795],[-89.203,75.737],[-89.646,75.565],[-89.279,75.564],[-88.915,75.454],[-88.804,75.503],[-88.851,75.624],[-88.645,75.659],[-88.203,75.512],[-87.731,75.576],[-87.54,75.486],[-87.256,75.617],[-86.813,75.491],[-85.953,75.395],[-85.906,75.442],[-86.068,75.503],[-84.606,75.654],[-83.933,75.819],[-83.238,75.751],[-82.155,75.831],[-81.269,75.756],[-81.15,75.736],[-81.172,75.67],[-80.999,75.644],[-80.322,75.63],[-80.121,75.562],[-80.261,75.479],[-79.66,75.449],[-79.509,75.26],[-80.383,75.034],[-80.135,74.987],[-79.663,75.02],[-79.401,74.918],[-79.944,74.833],[-80.347,74.902],[-80.149,74.796],[-80.279,74.581],[-81.226,74.567],[-81.939,74.473],[-82.932,74.565],[-83.116,74.694],[-83.101,74.817],[-83.523,74.902],[-83.343,74.765],[-83.533,74.586],[-84.426,74.508],[-85.06,74.607],[-85.132,74.517],[-85.474,74.6],[-85.542,74.534],[-85.809,74.499],[-86.73,74.557],[-86.665,74.489],[-88.422,74.494],[-88.559,74.569],[-88.339,74.784],[-88.534,74.831],[-88.851,74.69],[-88.941,74.789],[-89.193,74.744],[-89.196,74.638],[-89.56,74.555],[-90.554,74.612],[-90.968,74.715],[-90.881,74.817],[-91.13,74.736],[-91.133,74.651],[-91.508,74.651],[-91.961,74.793],[-92.174,75.052],[-92.076,75.123],[-92.39,75.263],[-92.411,75.406],[-92.069,75.657],[-92.184,75.847],[-93.092,76.354],[-93.664,76.274],[-95.273,76.265],[-95.446,76.362],[-96.04,76.487],[-95.651,76.584],[-95.972,76.569],[-96.897,76.755],[-96.879,76.803],[-96.4,76.798],[-96.771,76.888],[-96.814,76.914],[-96.76,76.972],[-95.849,77.067]]],[[[-96.206,78.53],[-95.561,78.517],[-94.917,78.39],[-94.888,78.345],[-95.331,78.225],[-94.935,78.076],[-95.198,77.968],[-96.99,77.807],[-97.062,77.859],[-97.019,77.907],[-97.426,77.982],[-97.656,78.091],[-96.944,78.152],[-97.818,78.23],[-98.049,78.326],[-98.07,78.386],[-98.319,78.477],[-98.06,78.558],[-98.34,78.751],[-98.211,78.805],[-97.383,78.782],[-96.476,78.666],[-96.206,78.53]]],[[[-93.171,74.161],[-92.224,73.972],[-91.086,74.01],[-90.356,73.869],[-90.564,73.687],[-90.935,73.527],[-91.248,73.303],[-91.554,73.236],[-91.425,73.196],[-91.788,72.916],[-92.12,72.753],[-92.393,72.718],[-93.34,72.802],[-94.211,72.757],[-93.772,72.668],[-93.545,72.531],[-93.542,72.437],[-93.869,72.253],[-94.038,72.029],[-94.143,72.001],[-95.194,72.027],[-95.165,72.18],[-95.252,72.501],[-95.601,72.885],[-95.633,73.696],[-95.385,73.755],[-94.697,73.663],[-95.061,73.805],[-95.151,73.906],[-95.122,73.986],[-94.974,74.041],[-93.171,74.161]]],[[[-97.44,69.642],[-97.235,69.673],[-96.299,69.344],[-95.752,68.897],[-95.586,68.835],[-95.374,68.892],[-95.27,68.826],[-96.4,68.47],[-96.598,68.462],[-97.473,68.543],[-98.236,68.739],[-98.319,68.844],[-98.704,68.802],[-98.906,68.932],[-99.255,68.863],[-99.442,68.918],[-99.564,69.035],[-99.456,69.132],[-98.913,69.168],[-98.502,69.309],[-98.452,69.354],[-98.56,69.462],[-98.448,69.479],[-98.546,69.573],[-98.042,69.456],[-98.304,69.67],[-98.24,69.779],[-98.081,69.833],[-97.692,69.842],[-97.412,69.738],[-97.44,69.642]]],[[[-61.105,45.944],[-60.864,45.984],[-61.037,45.881],[-60.972,45.838],[-61.091,45.748],[-61.058,45.703],[-60.738,45.751],[-60.461,45.968],[-60.734,45.956],[-60.572,46.062],[-60.504,46.204],[-60.299,46.312],[-60.227,46.196],[-59.867,46.159],[-59.935,46.019],[-59.827,45.965],[-60.385,45.654],[-60.673,45.592],[-61.285,45.574],[-61.451,45.717],[-61.494,45.942],[-61.408,46.17],[-60.871,46.796],[-60.49,47.01],[-60.407,47.003],[-60.331,46.737],[-60.493,46.27],[-60.576,46.171],[-61.105,45.944]]],[[[-66.919,45.145],[-67.366,45.173],[-67.474,45.276],[-67.427,45.378],[-67.495,45.474],[-67.423,45.531],[-67.434,45.604],[-67.801,45.727],[-67.808,47.083],[-68.312,47.355],[-68.939,47.211],[-69.047,47.274],[-69.05,47.427],[-69.241,47.463],[-70.008,46.71],[-70.066,46.44],[-70.249,46.251],[-70.296,45.906],[-70.422,45.737],[-70.703,45.552],[-70.689,45.428],[-70.8,45.404],[-70.865,45.27],[-70.998,45.338],[-71.135,45.263],[-71.326,45.289],[-71.517,45.008],[-74.71,45.003],[-73.763,45.395],[-73.558,45.425],[-73.158,46.01],[-72.733,46.182],[-72.111,46.552],[-71.261,46.756],[-70.519,47.032],[-70.069,47.378],[-69.472,47.968],[-68.816,48.366],[-68.237,48.626],[-66.599,49.126],[-65.522,49.267],[-64.835,49.192],[-64.568,49.105],[-64.216,48.874],[-64.208,48.807],[-64.514,48.841],[-64.244,48.69],[-64.255,48.55],[-64.349,48.423],[-64.633,48.36],[-64.82,48.197],[-65.26,48.022],[-65.476,48.031],[-65.926,48.189],[-66.084,48.104],[-66.448,48.119],[-66.703,48.022],[-66.361,48.06],[-65.85,47.911],[-65.609,47.67],[-65.0,47.847],[-65.047,47.793],[-64.702,47.725],[-64.853,47.571],[-64.91,47.369],[-65.317,47.102],[-65.191,47.05],[-64.831,47.06],[-64.907,46.888],[-64.817,46.699],[-64.727,46.671],[-64.648,46.355],[-64.543,46.241],[-63.917,46.166],[-63.83,46.107],[-64.057,46.022],[-63.704,45.857],[-63.51,45.875],[-63.294,45.751],[-62.7,45.741],[-62.75,45.649],[-62.484,45.621],[-61.955,45.868],[-61.775,45.656],[-61.494,45.687],[-61.35,45.574],[-61.282,45.441],[-61.462,45.366],[-61.105,45.349],[-61.033,45.291],[-63.305,44.642],[-63.604,44.684],[-63.546,44.543],[-63.611,44.481],[-63.82,44.51],[-64.0,44.645],[-64.1,44.487],[-64.165,44.586],[-64.288,44.55],[-64.338,44.444],[-64.277,44.335],[-64.864,43.868],[-65.087,43.727],[-65.234,43.727],[-65.328,43.668],[-65.346,43.55],[-65.483,43.519],[-65.738,43.56],[-65.886,43.795],[-65.98,43.816],[-66.037,43.743],[-66.127,43.814],[-66.192,44.144],[-66.098,44.368],[-65.868,44.569],[-66.145,44.435],[-66.091,44.505],[-65.918,44.616],[-65.616,44.68],[-65.501,44.76],[-65.728,44.698],[-64.903,45.121],[-64.45,45.257],[-64.406,45.305],[-64.45,45.338],[-64.331,45.309],[-64.356,45.138],[-64.136,45.024],[-64.183,45.147],[-64.093,45.217],[-63.37,45.364],[-64.601,45.409],[-64.748,45.324],[-64.874,45.355],[-64.914,45.375],[-64.828,45.475],[-64.316,45.836],[-64.482,45.807],[-64.633,45.947],[-64.594,45.814],[-64.777,45.638],[-65.886,45.224],[-66.109,45.317],[-66.026,45.418],[-66.181,45.335],[-66.106,45.257],[-66.44,45.095],[-66.512,45.144],[-66.872,45.067],[-66.919,45.145]]],[[[-55.46,51.537],[-55.583,51.388],[-56.033,51.329],[-56.0,51.199],[-55.795,51.166],[-55.799,51.034],[-56.695,50.06],[-56.85,49.765],[-56.821,49.614],[-56.18,50.116],[-56.123,50.063],[-56.162,49.94],[-55.928,50.018],[-55.766,49.961],[-55.504,49.984],[-55.583,49.892],[-56.141,49.619],[-55.871,49.669],[-55.892,49.581],[-56.087,49.452],[-55.817,49.515],[-55.676,49.435],[-55.378,49.491],[-55.345,49.373],[-55.28,49.412],[-55.284,49.513],[-55.23,49.508],[-55.201,49.409],[-55.352,49.079],[-55.176,49.244],[-55.025,49.305],[-54.982,49.268],[-54.503,49.527],[-54.449,49.329],[-54.316,49.425],[-53.959,49.442],[-53.621,49.322],[-53.574,49.142],[-53.844,48.925],[-54.161,48.788],[-53.851,48.812],[-53.966,48.706],[-53.707,48.656],[-53.794,48.527],[-54.114,48.393],[-53.027,48.635],[-53.135,48.402],[-53.61,48.208],[-53.57,48.088],[-53.869,48.02],[-53.639,48.015],[-53.862,47.8],[-53.804,47.682],[-53.671,47.649],[-53.282,47.998],[-52.922,48.147],[-52.865,48.112],[-53.153,47.734],[-53.171,47.512],[-53.124,47.454],[-52.944,47.553],[-52.782,47.77],[-52.71,47.746],[-52.652,47.55],[-52.912,47.104],[-52.89,46.973],[-53.07,46.682],[-53.167,46.647],[-53.322,46.718],[-53.588,46.638],[-53.599,47.145],[-54.01,46.84],[-54.175,46.88],[-53.851,47.44],[-53.988,47.756],[-54.193,47.861],[-54.488,47.404],[-54.564,47.374],[-54.474,47.546],[-54.65,47.407],[-54.856,47.385],[-55.316,46.906],[-55.788,46.868],[-55.95,46.928],[-55.918,47.017],[-55.493,47.161],[-55.19,47.449],[-54.87,47.571],[-54.784,47.664],[-54.946,47.621],[-55.367,47.661],[-55.435,47.501],[-55.576,47.465],[-55.864,47.531],[-56.126,47.503],[-55.867,47.593],[-55.856,47.819],[-56.123,47.789],[-56.263,47.659],[-56.774,47.565],[-58.333,47.676],[-58.337,47.73],[-58.942,47.581],[-59.258,47.635],[-59.341,47.933],[-58.603,48.411],[-58.33,48.522],[-59.168,48.558],[-58.841,48.746],[-58.906,48.65],[-58.715,48.598],[-58.405,49.084],[-57.991,48.987],[-58.099,49.077],[-57.98,49.23],[-58.189,49.258],[-58.214,49.386],[-58.016,49.543],[-57.79,49.491],[-57.926,49.701],[-57.433,50.506],[-57.329,50.605],[-57.181,50.616],[-57.296,50.699],[-57.052,50.857],[-57.037,51.011],[-56.825,51.126],[-56.681,51.333],[-56.026,51.569],[-55.691,51.471],[-55.666,51.579],[-55.522,51.596],[-55.46,51.537]]],[[[-86.59,71.01],[-85.643,71.152],[-85.096,71.152],[-85.002,71.137],[-85.067,71.078],[-84.988,71.031],[-84.822,71.029],[-84.657,71.515],[-84.7,71.632],[-85.341,71.698],[-85.913,71.986],[-85.323,72.234],[-84.282,72.045],[-84.84,72.309],[-84.624,72.376],[-85.341,72.421],[-85.614,72.605],[-85.65,72.722],[-85.575,72.857],[-85.261,72.954],[-84.257,72.796],[-85.384,73.045],[-85.456,73.105],[-85.017,73.336],[-84.415,73.456],[-83.782,73.416],[-83.904,73.529],[-83.411,73.631],[-82.659,73.73],[-81.604,73.696],[-81.345,73.598],[-81.15,73.314],[-80.603,73.121],[-80.592,72.928],[-80.279,72.77],[-81.229,72.312],[-80.61,72.451],[-80.941,72.21],[-80.693,72.104],[-80.92,72.073],[-80.949,71.916],[-80.801,71.928],[-80.182,72.208],[-79.883,72.177],[-80.11,72.333],[-79.833,72.446],[-79.584,72.314],[-79.325,72.39],[-79.001,72.272],[-79.008,72.043],[-78.583,71.88],[-78.864,72.1],[-78.821,72.265],[-78.699,72.352],[-77.518,72.178],[-78.288,72.359],[-78.483,72.47],[-78.421,72.571],[-77.752,72.725],[-77.255,72.736],[-76.697,72.696],[-76.189,72.573],[-75.703,72.571],[-75.293,72.481],[-75.07,72.323],[-75.052,72.227],[-75.541,72.008],[-75.923,71.717],[-75.599,71.918],[-75.149,72.062],[-74.695,72.097],[-74.267,72.038],[-74.213,71.939],[-74.317,71.843],[-75.207,71.71],[-74.703,71.675],[-74.829,71.571],[-74.839,71.406],[-74.998,71.218],[-74.76,71.338],[-74.598,71.585],[-74.487,71.649],[-73.867,71.77],[-73.713,71.72],[-74.199,71.404],[-73.713,71.588],[-73.18,71.283],[-73.309,71.484],[-73.277,71.538],[-72.903,71.678],[-71.639,71.517],[-71.333,71.404],[-71.185,71.279],[-71.495,71.106],[-71.938,71.093],[-72.633,70.831],[-72.312,70.833],[-72.01,71.014],[-71.743,71.047],[-71.373,70.975],[-71.185,70.979],[-70.825,71.109],[-70.674,71.052],[-70.638,70.902],[-70.761,70.791],[-71.891,70.432],[-71.729,70.396],[-71.427,70.552],[-71.275,70.5],[-71.43,70.128],[-70.98,70.581],[-70.084,70.83],[-69.288,70.783],[-68.496,70.611],[-68.359,70.522],[-68.482,70.415],[-69.436,70.253],[-70.059,70.043],[-69.796,70.047],[-69.482,70.159],[-68.777,70.203],[-68.723,70.146],[-69.007,69.979],[-68.744,69.941],[-68.23,70.113],[-68.327,70.18],[-68.122,70.314],[-67.855,70.281],[-67.362,70.034],[-67.196,69.861],[-67.193,69.757],[-68.021,69.771],[-68.374,69.644],[-68.838,69.623],[-69.252,69.512],[-68.514,69.578],[-67.909,69.46],[-67.236,69.46],[-66.772,69.337],[-66.678,69.258],[-66.678,69.191],[-66.804,69.153],[-67.607,69.173],[-67.938,69.248],[-68.618,69.206],[-69.04,69.099],[-68.305,69.166],[-67.751,69.038],[-67.751,68.934],[-67.884,68.785],[-69.32,68.857],[-68.212,68.703],[-67.938,68.524],[-67.657,68.55],[-66.714,68.446],[-67.034,68.326],[-66.829,68.215],[-66.923,68.066],[-66.728,68.128],[-66.664,68.035],[-66.606,68.109],[-66.631,68.21],[-66.214,68.281],[-66.275,68.042],[-66.527,67.851],[-66.394,67.831],[-65.944,68.071],[-65.976,67.958],[-65.864,67.923],[-65.702,67.986],[-65.508,67.969],[-65.54,67.766],[-65.4,67.675],[-65.414,67.88],[-64.975,68.043],[-64.835,67.989],[-65.026,67.892],[-65.072,67.825],[-65.022,67.788],[-64.637,67.84],[-64.158,67.623],[-64.018,67.654],[-63.848,67.566],[-64.079,67.496],[-64.007,67.347],[-64.702,67.351],[-64.59,67.316],[-64.356,67.257],[-63.838,67.264],[-63.823,67.316],[-63.593,67.378],[-63.038,67.234],[-63.161,67.174],[-63.258,67.024],[-63.701,66.823],[-62.963,66.95],[-62.38,66.906],[-62.124,67.047],[-61.969,67.019],[-61.3,66.649],[-61.526,66.557],[-61.904,66.679],[-62.124,66.642],[-61.652,66.503],[-61.577,66.413],[-61.57,66.373],[-61.861,66.312],[-62.552,66.406],[-62.405,66.316],[-62.534,66.227],[-61.991,66.035],[-62.592,66.035],[-62.383,65.833],[-62.66,65.641],[-63.168,65.658],[-63.46,65.852],[-63.42,65.708],[-63.65,65.661],[-63.337,65.616],[-63.362,65.229],[-63.607,64.929],[-63.895,65.109],[-64.151,65.066],[-64.345,65.172],[-64.27,65.401],[-64.554,65.116],[-65.108,65.464],[-65.4,65.764],[-65.184,65.939],[-64.853,66.016],[-64.446,66.318],[-64.655,66.286],[-65.004,66.078],[-65.414,65.995],[-65.825,65.997],[-65.89,66.021],[-65.857,66.087],[-65.656,66.205],[-66.062,66.132],[-66.476,66.28],[-66.786,66.556],[-66.988,66.627],[-66.97,66.547],[-67.078,66.526],[-67.308,66.569],[-67.193,66.432],[-67.225,66.311],[-67.884,66.467],[-67.704,66.269],[-67.182,66.035],[-67.351,65.931],[-67.826,65.965],[-68.46,66.25],[-68.748,66.2],[-68.219,66.078],[-68.258,65.939],[-68.186,65.872],[-67.866,65.774],[-67.938,65.564],[-67.571,65.644],[-67.117,65.441],[-67.337,65.347],[-67.067,65.245],[-66.97,65.085],[-66.829,65.075],[-66.696,64.816],[-66.635,65.0],[-66.224,64.854],[-66.3,64.778],[-66.214,64.722],[-65.94,64.885],[-65.512,64.707],[-65.432,64.726],[-65.274,64.632],[-65.53,64.505],[-65.177,64.511],[-65.076,64.436],[-65.213,64.304],[-65.58,64.294],[-65.346,64.233],[-65.148,64.087],[-65.17,64.028],[-64.68,64.028],[-64.687,63.96],[-64.799,63.917],[-64.576,63.898],[-64.41,63.707],[-64.561,63.679],[-64.514,63.264],[-64.666,63.245],[-64.932,63.599],[-65.191,63.764],[-65.004,63.334],[-65.051,63.235],[-64.673,62.922],[-64.867,62.88],[-65.162,62.932],[-65.047,62.702],[-65.108,62.627],[-66.224,63.108],[-66.228,62.992],[-66.415,63.028],[-66.656,63.264],[-66.635,63.08],[-66.725,63.08],[-67.016,63.316],[-67.261,63.34],[-67.895,63.735],[-67.722,63.422],[-68.492,63.726],[-68.86,63.752],[-68.91,63.703],[-68.14,63.172],[-67.675,63.094],[-67.736,63.009],[-66.646,62.603],[-66.282,62.302],[-65.98,62.209],[-66.134,62.103],[-66.059,61.913],[-66.325,61.87],[-67.441,62.151],[-68.633,62.281],[-69.126,62.424],[-69.605,62.768],[-70.235,62.764],[-71.106,63.002],[-70.948,63.12],[-71.347,63.066],[-71.992,63.417],[-71.614,63.445],[-71.38,63.58],[-71.725,63.707],[-72.291,63.728],[-72.175,63.894],[-72.499,63.823],[-72.679,64.019],[-73.453,64.399],[-73.27,64.582],[-73.911,64.578],[-73.95,64.465],[-74.065,64.425],[-74.13,64.608],[-74.461,64.644],[-74.681,64.83],[-74.919,64.766],[-74.641,64.557],[-74.695,64.497],[-75.066,64.457],[-75.714,64.524],[-75.768,64.392],[-76.855,64.238],[-77.791,64.366],[-78.173,64.618],[-78.191,64.752],[-78.054,64.983],[-77.359,65.196],[-77.46,65.356],[-77.327,65.453],[-76.481,65.37],[-75.829,65.227],[-75.52,65.056],[-75.588,64.905],[-75.451,64.842],[-75.358,65.009],[-75.797,65.297],[-75.167,65.285],[-74.983,65.382],[-74.494,65.372],[-73.99,65.517],[-73.551,65.484],[-73.745,65.767],[-74.278,66.012],[-74.418,66.167],[-73.281,66.675],[-73.032,66.727],[-72.787,67.031],[-72.366,67.134],[-72.219,67.255],[-72.352,67.342],[-72.726,67.812],[-73.327,68.267],[-73.284,68.357],[-73.644,68.295],[-73.821,68.363],[-73.875,68.463],[-73.781,68.62],[-73.853,68.701],[-74.119,68.701],[-73.99,68.548],[-74.422,68.58],[-74.649,68.708],[-74.699,68.809],[-74.911,68.823],[-74.742,68.913],[-74.955,68.962],[-74.717,69.045],[-74.854,69.066],[-75.214,68.91],[-75.523,68.953],[-76.236,68.727],[-76.585,68.699],[-76.557,69.01],[-75.955,69.031],[-75.649,69.213],[-75.786,69.319],[-76.409,69.441],[-76.521,69.517],[-76.463,69.62],[-76.233,69.663],[-76.513,69.684],[-76.744,69.573],[-77.089,69.635],[-77.129,69.653],[-76.859,69.776],[-77.017,69.837],[-77.593,69.845],[-77.773,70.239],[-78.285,70.229],[-79.066,70.604],[-79.347,70.482],[-79.404,70.401],[-78.933,70.293],[-78.81,70.179],[-78.817,70.01],[-79.095,69.925],[-79.516,69.887],[-80.671,70.052],[-81.651,70.095],[-80.923,69.85],[-80.841,69.771],[-80.923,69.731],[-81.564,69.942],[-82.295,69.837],[-83.148,70.008],[-83.857,69.963],[-85.431,70.111],[-85.78,70.036],[-86.323,70.146],[-86.5,70.35],[-86.395,70.465],[-86.705,70.39],[-87.123,70.411],[-87.173,70.399],[-87.065,70.324],[-87.619,70.319],[-87.9,70.251],[-88.401,70.442],[-88.847,70.522],[-89.207,70.76],[-89.455,71.062],[-87.846,70.944],[-87.141,71.012],[-87.871,71.208],[-89.081,71.288],[-89.693,71.423],[-89.844,71.493],[-90.024,71.949],[-89.657,72.175],[-89.859,72.248],[-89.815,72.468],[-89.358,72.803],[-89.225,73.107],[-88.761,73.312],[-88.707,73.404],[-87.72,73.723],[-86.77,73.835],[-85.949,73.85],[-85.009,73.779],[-84.973,73.694],[-85.683,73.461],[-86.086,73.26],[-86.629,72.871],[-86.669,72.762],[-86.323,72.461],[-86.341,72.123],[-86.219,71.899],[-86.035,71.77],[-85.024,71.354],[-85.405,71.227],[-86.59,71.01]]],[[[-61.696,49.138],[-62.221,49.079],[-63.042,49.225],[-63.568,49.399],[-63.776,49.602],[-64.486,49.886],[-64.133,49.942],[-62.858,49.706],[-61.818,49.284],[-61.696,49.138]]],[[[-63.812,46.468],[-63.683,46.562],[-63.128,46.421],[-62.164,46.487],[-62.023,46.421],[-62.527,46.203],[-62.542,46.029],[-62.477,46.0],[-62.804,45.973],[-62.905,46.069],[-63.02,46.067],[-62.894,46.123],[-63.056,46.223],[-62.977,46.317],[-63.272,46.199],[-63.154,46.189],[-63.215,46.159],[-63.568,46.21],[-63.733,46.289],[-63.802,46.368],[-63.758,46.397],[-64.111,46.425],[-64.136,46.6],[-64.388,46.64],[-64.403,46.692],[-63.992,47.062],[-63.982,46.913],[-64.09,46.776],[-63.902,46.638],[-63.863,46.572],[-63.906,46.508],[-63.812,46.468]]],[[[-82.0,62.955],[-81.964,62.828],[-82.115,62.653],[-83.015,62.21],[-83.375,62.238],[-83.699,62.16],[-83.76,62.304],[-83.911,62.426],[-83.375,62.905],[-82.965,62.873],[-82.705,62.945],[-82.0,62.955]]],[[[-79.545,62.412],[-79.336,62.294],[-79.271,62.186],[-79.325,62.026],[-79.667,61.644],[-79.815,61.594],[-80.265,61.818],[-80.275,62.054],[-80.178,62.212],[-79.926,62.393],[-79.545,62.412]]],[[[-75.675,68.323],[-75.153,68.234],[-75.063,68.14],[-75.127,67.965],[-75.127,67.538],[-75.401,67.366],[-76.049,67.262],[-76.945,67.25],[-77.158,67.408],[-77.305,67.686],[-77.125,67.948],[-76.69,68.255],[-76.366,68.319],[-75.675,68.323]]],[[[-79.537,73.654],[-78.288,73.666],[-77.208,73.5],[-77.007,73.355],[-76.758,73.31],[-76.571,73.159],[-76.29,73.081],[-76.308,72.998],[-76.089,72.882],[-76.402,72.821],[-78.313,72.882],[-79.501,72.757],[-79.937,72.864],[-80.182,73.225],[-80.776,73.335],[-80.823,73.428],[-80.736,73.484],[-80.826,73.534],[-80.862,73.671],[-80.761,73.758],[-80.412,73.765],[-79.537,73.654]]],[[[-80.733,52.747],[-81.096,52.78],[-82.039,53.049],[-81.849,53.187],[-81.136,53.206],[-80.765,52.923],[-80.733,52.747]]],[[[-78.673,56.261],[-78.915,56.133],[-78.799,56.383],[-78.67,56.438],[-78.673,56.261]]],[[[-78.936,56.266],[-79.174,55.884],[-79.275,55.923],[-79.141,56.136],[-79.181,56.212],[-79.494,55.874],[-79.764,55.806],[-79.498,56.093],[-79.545,56.129],[-79.905,55.87],[-80.009,55.91],[-79.516,56.327],[-79.458,56.541],[-79.433,56.447],[-79.537,56.179],[-79.393,56.277],[-79.271,56.601],[-78.961,56.422],[-78.936,56.266]]],[[[-79.689,56.327],[-80.088,56.214],[-80.056,56.287],[-79.581,56.466],[-79.689,56.327]]],[[[-89.711,77.31],[-90.23,77.213],[-90.993,77.329],[-91.148,77.386],[-91.184,77.557],[-91.108,77.626],[-90.842,77.656],[-90.172,77.595],[-89.718,77.442],[-89.711,77.31]]],[[[-104.558,77.142],[-105.216,77.182],[-106.066,77.725],[-105.587,77.735],[-105.288,77.642],[-105.008,77.506],[-104.954,77.419],[-104.5,77.308],[-104.457,77.222],[-104.558,77.142]]],[[[-98.79,79.982],[-98.79,79.786],[-98.945,79.725],[-99.302,79.784],[-99.514,79.886],[-100.0,79.885],[-100.126,80.001],[-100.054,80.093],[-99.73,80.143],[-99.017,80.112],[-98.79,79.982]]],[[[-105.288,72.92],[-106.07,73.196],[-106.181,73.303],[-106.948,73.51],[-106.613,73.696],[-105.512,73.765],[-105.116,73.744],[-104.586,73.578],[-104.554,73.465],[-104.622,73.31],[-105.004,73.038],[-105.288,72.92]]],[[[-102.491,76.095],[-102.009,75.939],[-102.423,75.869],[-102.581,75.781],[-103.316,75.765],[-103.042,75.92],[-103.2,75.958],[-103.769,75.892],[-103.985,75.933],[-103.802,76.038],[-104.241,76.046],[-104.406,76.109],[-104.349,76.182],[-104.01,76.223],[-102.729,76.307],[-102.585,76.282],[-102.491,76.095]]],[[[-104.021,76.583],[-103.722,76.602],[-103.035,76.432],[-103.47,76.329],[-104.27,76.326],[-104.406,76.366],[-104.604,76.583],[-104.205,76.666],[-103.96,76.638],[-104.021,76.583]]],[[[-118.328,75.579],[-118.817,75.522],[-119.393,75.617],[-118.627,75.906],[-117.752,76.112],[-117.5,76.078],[-118.328,75.579]]],[[[-113.831,77.754],[-114.289,77.722],[-114.609,77.77],[-115.03,77.968],[-114.332,78.077],[-114.281,78.004],[-113.619,77.833],[-113.831,77.754]]],[[[-130.928,54.48],[-130.906,54.631],[-130.759,54.614],[-130.762,54.577],[-130.928,54.48]]],[[[-131.029,51.961],[-131.104,52.013],[-131.097,52.15],[-131.011,52.095],[-131.029,51.961]]],[[[-130.237,53.959],[-130.384,53.845],[-130.626,53.942],[-130.665,53.848],[-130.708,53.921],[-130.449,54.089],[-130.237,53.959]]],[[[-129.754,53.246],[-129.934,53.176],[-130.518,53.544],[-130.395,53.621],[-129.945,53.437],[-129.754,53.246]]],[[[-130.575,54.77],[-130.312,54.945],[-130.215,55.027],[-130.204,54.947],[-130.348,54.815],[-130.575,54.77]]],[[[-128.552,52.94],[-128.509,52.518],[-128.678,52.289],[-128.768,52.598],[-128.746,52.763],[-128.901,52.674],[-129.185,52.99],[-129.034,53.28],[-128.631,53.112],[-128.552,52.94]]],[[[-126.093,49.353],[-126.064,49.263],[-126.23,49.296],[-126.208,49.38],[-126.093,49.353]]],[[[-124.153,49.531],[-124.361,49.588],[-124.649,49.758],[-124.423,49.728],[-124.153,49.531]]],[[[-126.64,49.605],[-126.939,49.718],[-126.925,49.838],[-126.737,49.843],[-126.651,49.746],[-126.64,49.605]]],[[[-125.074,50.221],[-125.197,50.044],[-125.359,50.312],[-125.301,50.414],[-125.197,50.39],[-125.074,50.221]]],[[[-128.995,52.662],[-128.969,52.464],[-129.149,52.605],[-129.265,52.801],[-128.995,52.662]]],[[[-127.925,51.473],[-128.091,51.511],[-128.123,51.668],[-127.997,51.704],[-127.915,51.586],[-127.925,51.473]]],[[[-128.368,52.4],[-128.444,52.388],[-128.44,52.697],[-128.365,52.782],[-128.246,52.784],[-128.368,52.4]]],[[[-129.315,52.992],[-129.409,53.023],[-129.513,53.18],[-129.452,53.174],[-129.315,52.992]]],[[[-129.167,53.117],[-129.322,53.141],[-129.239,53.331],[-129.178,53.259],[-129.167,53.117]]],[[[-123.436,48.755],[-123.519,48.749],[-123.584,48.926],[-123.469,48.867],[-123.436,48.755]]],[[[-59.788,43.939],[-60.036,43.906],[-60.119,43.953],[-59.726,44.003],[-59.788,43.939]]],[[[-60.911,45.567],[-61.004,45.482],[-61.08,45.559],[-60.911,45.567]]],[[[-61.915,47.284],[-61.771,47.26],[-62.009,47.234],[-61.926,47.425],[-61.548,47.631],[-61.397,47.638],[-61.685,47.499],[-61.915,47.284]]],[[[-64.507,47.887],[-64.532,47.814],[-64.684,47.753],[-64.662,47.862],[-64.507,47.887]]],[[[-64.475,47.959],[-64.59,47.907],[-64.5,48.013],[-64.475,47.959]]],[[[-66.275,44.293],[-66.325,44.257],[-66.21,44.392],[-66.275,44.293]]],[[[-66.761,44.682],[-66.898,44.628],[-66.8,44.805],[-66.746,44.791],[-66.761,44.682]]],[[[-73.565,45.468],[-73.644,45.449],[-73.961,45.442],[-73.475,45.704],[-73.565,45.468]]],[[[-73.695,45.586],[-73.857,45.574],[-73.572,45.694],[-73.695,45.586]]],[[[-70.912,46.92],[-71.117,46.864],[-70.825,46.996],[-70.912,46.92]]],[[[-55.536,50.72],[-55.633,50.741],[-55.468,50.796],[-55.471,50.775],[-55.536,50.72]]],[[[-54.56,49.631],[-54.787,49.496],[-54.863,49.576],[-54.56,49.631]]],[[[-55.295,51.93],[-55.421,51.9],[-55.273,51.996],[-55.295,51.93]]],[[[-54.092,49.744],[-53.981,49.662],[-54.287,49.595],[-54.276,49.711],[-54.092,49.744]]],[[[-54.226,47.442],[-54.326,47.407],[-54.128,47.647],[-54.146,47.572],[-54.226,47.442]]],[[[-64.824,62.559],[-64.514,62.552],[-64.417,62.488],[-64.658,62.384],[-64.957,62.459],[-64.842,62.493],[-64.824,62.559]]],[[[-67.924,60.341],[-68.366,60.254],[-68.366,60.315],[-68.143,60.563],[-67.978,60.57],[-67.819,60.45],[-67.924,60.341]]],[[[-70.267,62.578],[-70.768,62.597],[-70.987,62.788],[-71.221,62.873],[-70.444,62.735],[-70.267,62.578]]],[[[-64.831,61.367],[-65.393,61.563],[-65.432,61.65],[-64.788,61.662],[-64.669,61.592],[-64.698,61.471],[-64.831,61.367]]],[[[-65.126,61.943],[-64.961,61.872],[-64.846,61.761],[-65.166,61.797],[-65.234,61.898],[-65.126,61.943]]],[[[-69.158,59.04],[-69.22,58.967],[-69.353,58.961],[-69.302,59.145],[-69.194,59.146],[-69.158,59.04]]],[[[-64.406,60.367],[-64.442,60.297],[-64.738,60.375],[-64.835,60.5],[-64.648,60.514],[-64.406,60.367]]],[[[-60.965,56.1],[-60.983,56.015],[-61.195,56.063],[-61.087,56.141],[-60.965,56.1]]],[[[-62.012,57.549],[-61.66,57.525],[-61.638,57.415],[-61.796,57.422],[-62.012,57.549]]],[[[-67.916,69.541],[-68.201,69.58],[-68.222,69.616],[-67.909,69.682],[-67.754,69.632],[-67.916,69.541]]],[[[-62.682,67.055],[-62.873,67.062],[-62.624,67.177],[-62.398,67.179],[-62.682,67.055]]],[[[-79.055,75.985],[-79.051,75.867],[-79.357,75.831],[-79.699,75.883],[-79.008,76.145],[-78.846,76.107],[-79.055,75.985]]],[[[-79.825,56.843],[-79.944,56.777],[-79.897,56.865],[-79.825,56.843]]],[[[-79.717,57.516],[-79.807,57.443],[-79.84,57.483],[-79.743,57.608],[-79.717,57.516]]],[[[-79.491,56.742],[-79.577,56.645],[-79.57,56.796],[-79.491,56.742]]],[[[-79.937,53.305],[-80.005,53.28],[-80.074,53.345],[-79.973,53.351],[-79.937,53.305]]],[[[-79.383,51.952],[-79.519,51.952],[-79.645,52.01],[-79.271,52.088],[-79.383,51.952]]],[[[-123.379,48.909],[-123.541,48.946],[-123.688,49.095],[-123.379,48.909]]],[[[-124.977,50.029],[-125.027,50.135],[-124.991,50.218],[-124.909,50.084],[-124.977,50.029]]],[[[-73.407,67.793],[-74.479,67.805],[-74.677,67.906],[-74.749,68.019],[-74.379,68.094],[-73.435,67.97],[-73.407,67.793]]],[[[-78.234,63.49],[-77.705,63.431],[-77.532,63.233],[-77.943,63.115],[-78.537,63.424],[-78.234,63.49]]],[[[-94.298,75.788],[-94.751,75.77],[-94.902,75.93],[-94.499,75.992],[-94.298,75.788]]],[[[-80.286,59.624],[-80.301,59.674],[-80.167,59.709],[-80.182,59.683],[-80.286,59.624]]],[[[-79.897,59.853],[-80.167,59.764],[-80.041,59.87],[-79.897,59.853]]],[[[-96.67,72.961],[-96.944,72.927],[-97.091,72.996],[-97.07,73.13],[-96.861,73.189],[-96.598,73.074],[-96.67,72.961]]],[[[-97.293,74.576],[-97.656,74.466],[-97.75,74.51],[-97.415,74.626],[-97.293,74.576]]],[[[-98.272,73.869],[-98.974,73.812],[-99.417,73.895],[-98.06,74.105],[-97.66,74.072],[-98.272,73.869]]],[[[-90.201,69.42],[-90.179,69.357],[-90.33,69.252],[-90.492,69.37],[-90.201,69.42]]],[[[-90.492,69.22],[-90.773,69.293],[-90.766,69.337],[-90.6,69.368],[-90.492,69.22]]],[[[-74.001,62.618],[-74.253,62.622],[-74.627,62.712],[-74.109,62.681],[-74.001,62.618]]],[[[-74.883,68.349],[-75.311,68.474],[-75.401,68.526],[-75.397,68.588],[-75.286,68.687],[-74.983,68.647],[-74.8,68.458],[-74.883,68.349]]],[[[-78.241,60.818],[-78.67,60.717],[-78.612,60.773],[-78.241,60.818]]],[[[-78.983,68.193],[-79.174,68.234],[-79.152,68.335],[-78.954,68.352],[-78.828,68.269],[-78.983,68.193]]],[[[-76.679,63.394],[-76.92,63.406],[-77.363,63.589],[-77.133,63.682],[-76.654,63.504],[-76.679,63.394]]],[[[-79.429,69.788],[-79.365,69.712],[-79.552,69.632],[-80.049,69.633],[-79.977,69.51],[-80.794,69.689],[-80.725,69.741],[-80.466,69.738],[-80.423,69.798],[-80.214,69.802],[-80.124,69.738],[-79.429,69.788]]],[[[-78.029,69.715],[-77.968,69.639],[-78.04,69.609],[-78.85,69.482],[-78.58,69.639],[-78.295,69.666],[-78.202,69.739],[-78.029,69.715]]],[[[-77.565,64.023],[-77.716,63.946],[-77.964,63.993],[-77.565,64.023]]],[[[-83.238,66.332],[-82.947,66.273],[-82.932,66.257],[-83.058,66.2],[-83.238,66.332]]],[[[-78.778,68.951],[-79.361,68.857],[-79.404,68.923],[-79.242,69.048],[-78.663,69.262],[-78.652,69.35],[-78.331,69.385],[-78.234,69.314],[-78.778,68.951]]],[[[-76.996,69.144],[-77.323,69.194],[-77.381,69.274],[-77.341,69.404],[-77.111,69.437],[-76.668,69.366],[-76.996,69.144]]],[[[-87.108,70.147],[-86.611,70.106],[-86.514,70.017],[-86.734,69.975],[-87.324,70.08],[-87.108,70.147]]],[[[-83.764,65.832],[-83.235,65.696],[-83.382,65.63],[-83.605,65.701],[-83.789,65.668],[-83.703,65.757],[-83.814,65.788],[-84.117,65.773],[-84.142,65.917],[-84.466,66.089],[-84.408,66.13],[-83.785,65.965],[-83.703,65.92],[-83.764,65.832]]],[[[-86.597,67.736],[-86.892,67.837],[-86.845,68.01],[-86.961,68.101],[-86.701,68.305],[-86.421,68.184],[-86.395,67.889],[-86.597,67.736]]],[[[-84.675,65.575],[-84.783,65.569],[-85.096,65.757],[-85.15,66.016],[-84.937,66.009],[-84.757,65.859],[-84.603,65.658],[-84.675,65.575]]],[[[-92.994,61.889],[-93.084,61.842],[-93.196,61.919],[-92.994,61.889]]],[[[-101.228,76.579],[-101.613,76.605],[-100.886,76.742],[-100.27,76.734],[-101.228,76.579]]],[[[-102.79,78.218],[-103.118,78.126],[-103.272,78.166],[-102.974,78.267],[-102.79,78.218]]],[[[-101.001,77.735],[-102.38,77.728],[-102.459,77.77],[-102.473,77.874],[-101.638,77.892],[-101.192,77.829],[-101.001,77.735]]],[[[-89.725,76.508],[-90.165,76.524],[-90.561,76.755],[-89.949,76.836],[-89.697,76.741],[-89.823,76.631],[-89.725,76.508]]],[[[-95.961,75.555],[-96.461,75.494],[-96.857,75.369],[-97.019,75.468],[-96.368,75.654],[-95.961,75.555]]],[[[-95.277,74.539],[-95.777,74.552],[-95.849,74.583],[-95.511,74.637],[-95.277,74.539]]],[[[-120.92,75.814],[-121.24,75.751],[-121.028,75.848],[-120.992,75.928],[-120.887,75.928],[-120.92,75.814]]],[[[-113.489,76.784],[-113.713,76.711],[-114.836,76.794],[-113.893,76.895],[-113.518,76.826],[-113.489,76.784]]],[[[-103.812,75.079],[-104.633,75.062],[-104.889,75.147],[-104.648,75.35],[-104.345,75.43],[-103.852,75.371],[-103.643,75.187],[-103.812,75.079]]],[[[-100.216,68.807],[-100.396,68.724],[-100.497,68.791],[-100.598,68.767],[-100.612,68.989],[-100.522,69.035],[-100.331,68.998],[-100.18,68.904],[-100.216,68.807]]],[[[-99.996,69.014],[-100.018,68.955],[-100.14,68.97],[-100.248,69.054],[-100.155,69.13],[-99.996,69.014]]],[[[-100.31,70.496],[-100.619,70.547],[-100.677,70.646],[-100.277,70.595],[-100.31,70.496]]],[[[-95.514,69.574],[-95.381,69.507],[-95.496,69.35],[-95.73,69.347],[-95.666,69.439],[-95.763,69.559],[-95.892,69.352],[-95.986,69.392],[-95.979,69.508],[-95.874,69.606],[-95.514,69.574]]],[[[-101.001,69.462],[-101.267,69.39],[-101.289,69.441],[-101.206,69.481],[-101.35,69.559],[-101.098,69.541],[-101.001,69.462]]],[[[-101.847,68.587],[-102.268,68.663],[-102.308,68.682],[-102.012,68.826],[-101.829,68.798],[-101.721,68.724],[-101.732,68.653],[-101.847,68.587]]],[[[-104.54,68.406],[-104.853,68.455],[-105.051,68.559],[-104.601,68.562],[-104.446,68.47],[-104.54,68.406]]],[[[-107.898,67.401],[-107.949,67.318],[-108.15,67.429],[-108.129,67.628],[-108.05,67.665],[-107.992,67.621],[-107.898,67.401]]],[[[-109.166,67.983],[-108.971,67.979],[-108.885,67.899],[-109.097,67.923],[-109.166,67.983]]],[[[-108.093,67.005],[-107.967,66.996],[-107.805,66.998],[-107.945,66.858],[-108.093,67.005]]],[[[-109.468,68.099],[-109.36,67.988],[-109.497,68.047],[-109.468,68.099]]],[[[-138.88,69.59],[-139.125,69.54],[-139.291,69.597],[-139.14,69.649],[-138.88,69.59]]]]}}]}